"sample.id","age.young","age.old","age","Abies","Acer","Alnus","Amaranthaceae undiff.","Ambrosia","Apiaceae","Arceuthobium","Artemisia","Asteraceae subf. Asteroideae","Asteraceae subf. Cichorioideae","Betula","Carya","Castanea","Ceanothus/Rhamnus","Corylus","Ericaceae undiff.","Fagus","Fraxinus","Galium","Ilex","Juniperus","Larix","Lonicera","Lycopodiaceae undiff.","Myrica","Osmundaceae.undiff.","Ostrya/Carpinus","Picea","Pinus subg. Pinus","Pinus subg. Strobus","Poaceae undiff.","Polypodiaceae undiff.","Populus","Pteridium","Quercus","Rosaceae undiff.","Salix","Sambucus","Thalictrum","Tilia","Tsuga","Ulmus","Viburnum","Asteraceae undiff.","Cupressaceae undiff.","Juglans","Myricaceae undiff.","Plantago","Platanus","Rumex/Oxyria","Adiantum","Botrychium","Caryophyllaceae undiff.","Celtis","Chenopodium","Cyatheaceae","Diphasiastrum","Fabaceae undiff.","Humulus/Cannabis","Huperzia","Iva","Pinus undiff.","Polygonum","Vitis","Xanthium","Epilobium","Hamamelis","Polypodiophyta undiff.","Aquifoliaceae undiff.","Nyssa","Cephalanthus","Cornus","Liquidambar","Morus","Ranunculaceae undiff.","Rhus","Sarcobatus","Urticaceae","Clethra","Dennstaedtia","Polygonaceae undiff.","Secale","Zea","Cistaceae undiff.","Rubus","Thuja","Campanula","Dryopteris","Liriodendron","Magnolia","Polemonium","Sanguisorba","Selaginella","Amorpha","Bidens","Brassicaceae","Ephedra","Impatiens","Liliaceae","Persicaria","Potentilla","Taxus","Violaceae undiff.","Araliaceae","Athyrium","Cladium","Coniferae undiff.","Cystopteris","Gentianaceae undiff.","Hypericum","Iridaceae undiff.","Lamiaceae undiff.","Moraceae undiff.","Ophioglossum","Oxalidaceae","Plumbaginaceae","Polypodium","Primula","Ranunculus","Rubiaceae undiff.","Saxifragaceae undiff.","Solanaceae undiff.","Trifolium","Cannabaceae undiff.","Vitaceae","Saxifraga","Caprifoliaceae undiff.","Polyonum","Cerealia","Campanulaceae undiff.","Polygalaceae","Portulacaceae","Bistorta","Caltha","Menyanthes","Onagraceae undiff.","Gentiana","Gymnocarpium","Linnaea","Sapindaceae undiff.","Alismataceae","Elaeagnaceae undiff.","Mentha","Salsola","Stachys","Zanthoxylum","Dalea","Euphorbiaceae undiff.","Pedicularis","Ribes","Scrophulariaceae","Zamia","Ericaceae subf. Monotropoideae","Rhamnaceae undiff.","Shepherdia"
1,0,31,5,0,0,0,0,12,0,0,0,1,0,0,0,0,0,0,0,2,0,0,0,0,0,0,0,0,0,0,0,0,2,16,0,0,0,28,0,0,0,0,0,0,1,0,0,0,1,0,0,0,0,0,0,0,0,0,0,0,0,0,0,0,1,0,0,0,0,0,0,0,0,0,0,0,0,0,0,0,0,0,0,0,0,0,0,0,0,0,0,0,0,0,0,0,0,0,0,0,0,0,0,0,0,0,0,0,0,0,0,0,0,0,0,0,0,0,0,0,0,0,0,0,0,0,0,0,0,0,0,0,0,0,0,0,0,0,0,0,0,0,0,0,0,0,0,0,0,0,0,0,0,0,0,0,0,0
2,4,37,16,0,0,0,1,6,1,0,0,1,0,1,1,0,0,0,0,1,0,0,0,0,0,0,0,0,0,0,0,1,0,15,1,1,0,9,0,0,0,0,0,0,0,0,0,0,0,0,0,0,0,0,0,0,1,0,0,0,0,0,0,0,3,0,0,0,0,0,0,0,0,0,0,0,0,0,0,0,0,0,0,0,0,0,0,0,0,0,0,0,0,0,0,0,0,0,0,0,0,0,0,0,0,0,0,0,0,0,0,0,0,0,0,0,0,0,0,0,0,0,0,0,0,0,0,0,0,0,0,0,0,0,0,0,0,0,0,0,0,0,0,0,0,0,0,0,0,0,0,0,0,0,0,0,0,0
3,13,49,21,0,0,0,1,5,0,0,0,0,0,0,0,0,0,0,0,0,0,0,0,0,0,0,0,0,0,0,0,0,0,2,0,0,1,5,0,1,0,0,0,0,1,0,0,0,0,0,0,0,1,0,0,0,0,0,0,0,0,0,0,0,0,0,0,0,0,0,0,0,0,0,0,0,0,0,0,0,0,0,0,0,0,0,0,0,0,0,0,0,0,0,0,0,0,0,0,0,0,0,0,0,0,0,0,0,0,0,0,0,0,0,0,0,0,0,0,0,0,0,0,0,0,0,0,0,0,0,0,0,0,0,0,0,0,0,0,0,0,0,0,0,0,0,0,0,0,0,0,0,0,0,0,0,0,0
4,13,36,27,0,0,0,0,3,0,0,0,0,0,0,2,0,0,0,0,0,0,0,0,0,0,0,0,0,0,0,0,0,0,9,0,0,0,8,0,1,0,0,0,0,1,0,0,0,0,0,0,0,0,0,0,0,0,0,0,0,0,0,0,0,0,0,0,0,0,0,0,0,0,0,0,0,0,0,0,0,0,0,0,0,0,0,0,0,0,0,0,0,0,0,0,0,0,0,0,0,0,0,0,0,0,0,0,0,0,0,0,0,0,0,0,0,0,0,0,0,0,0,0,0,0,0,0,0,0,0,0,0,0,0,0,0,0,0,0,0,0,0,0,0,0,0,0,0,0,0,0,0,0,0,0,0,0,0
5,14,42,26,0,0,0,0,4,0,0,0,0,0,0,0,0,0,0,0,1,0,0,0,0,0,0,0,0,0,0,0,0,0,2,0,0,0,9,0,1,0,0,0,0,1,0,0,0,0,0,0,0,0,0,0,0,0,0,0,0,0,0,0,0,0,0,0,0,0,0,0,0,0,0,0,0,0,0,0,0,0,0,0,0,0,0,0,0,0,0,0,0,0,0,0,0,0,0,0,0,0,0,0,0,0,0,0,0,0,0,0,0,0,0,0,0,0,0,0,0,0,0,0,0,0,0,0,0,0,0,0,0,0,0,0,0,0,0,0,0,0,0,0,0,0,0,0,0,0,0,0,0,0,0,0,0,0,0
6,20,39,31,0,0,0,0,1,0,0,0,0,0,0,1,0,0,0,0,0,0,0,0,0,0,0,0,0,0,0,0,0,0,2,0,0,0,4,0,0,0,0,0,0,1,0,0,0,0,0,0,0,0,0,0,0,0,0,0,0,0,0,0,0,1,0,0,0,0,0,0,0,0,0,0,0,0,0,0,0,0,0,0,0,0,0,0,0,0,0,0,0,0,0,0,0,0,0,0,0,0,0,0,0,0,0,0,0,0,0,0,0,0,0,0,0,0,0,0,0,0,0,0,0,0,0,0,0,0,0,0,0,0,0,0,0,0,0,0,0,0,0,0,0,0,0,0,0,0,0,0,0,0,0,0,0,0,0
7,26,33,30,0,0,0,0,0,0,0,0,0,0,0,0,0,0,0,0,0,0,0,0,0,0,0,0,0,0,0,0,0,0,4,0,0,0,4,0,0,0,0,0,0,0,0,0,0,0,0,0,1,0,0,0,0,0,0,0,0,0,0,0,0,2,0,0,0,0,0,0,0,0,0,0,0,0,0,0,0,0,0,0,0,0,0,0,0,0,0,0,0,0,0,0,0,0,0,0,0,0,0,0,0,0,0,0,0,0,0,0,0,0,0,0,0,0,0,0,0,0,0,0,0,0,0,0,0,0,0,0,0,0,0,0,0,0,0,0,0,0,0,0,0,0,0,0,0,0,0,0,0,0,0,0,0,0,0
8,27,39,31,0,0,0,0,0,0,0,0,0,0,0,0,0,0,0,0,0,0,0,0,0,0,0,0,0,0,0,0,0,0,0,0,0,0,3,0,0,0,0,0,0,0,0,0,0,0,0,0,0,0,0,0,0,0,0,0,0,0,0,0,0,0,0,0,0,0,0,0,0,0,0,0,0,0,0,0,0,0,0,0,0,0,0,0,0,0,0,0,0,0,0,0,0,0,0,0,0,0,0,0,0,0,0,0,0,0,0,0,0,0,0,0,0,0,0,0,0,0,0,0,0,0,0,0,0,0,0,0,0,0,0,0,0,0,0,0,0,0,0,0,0,0,0,0,0,0,0,0,0,0,0,0,0,0,0
9,29,40,30,0,0,0,0,0,0,0,0,0,0,0,0,0,0,0,0,0,0,0,0,0,0,0,0,0,0,0,0,0,0,0,0,0,0,1,0,0,0,0,0,0,0,0,0,0,0,0,0,0,0,0,0,0,0,0,0,0,0,0,0,0,0,0,0,0,0,0,0,0,0,0,0,0,0,0,0,0,0,0,0,0,0,0,0,0,0,0,0,0,0,0,0,0,0,0,0,0,0,0,0,0,0,0,0,0,0,0,0,0,0,0,0,0,0,0,0,0,0,0,0,0,0,0,0,0,0,0,0,0,0,0,0,0,0,0,0,0,0,0,0,0,0,0,0,0,0,0,0,0,0,0,0,0,0,0
