"sample.id","Acer","Alnus","Amaranthaceae undiff.","Ambrosia","Apiaceae","Arceuthobium","Artemisia","Asteraceae subf. Asteroideae","Asteraceae subf. Cichorioideae","Betula","Carya","Castanea","Ceanothus/Rhamnus","Corylus","Cyperaceae","Ericaceae undiff.","Fagus","Fraxinus","Galium","Ilex","Juniperus","Larix","Lonicera","Lycopodiaceae undiff.","Myrica","Osmundaceae.undiff.","Ostrya/Carpinus","Picea","Pinus subg. Pinus","Pinus subg. Strobus","Poaceae undiff.","Polypodiaceae undiff.","Populus","Pteridium","Quercus","Rosaceae undiff.","Salix","Sambucus","Thalictrum","Tilia","Tsuga","Ulmus","Viburnum","Asteraceae undiff.","Cupressaceae undiff.","Juglans","Myricaceae undiff.","Plantago","Platanus","Rumex/Oxyria","Adiantum","Botrychium","Caryophyllaceae undiff.","Celtis","Chenopodium","Cyatheaceae","Diphasiastrum","Fabaceae undiff.","Humulus/Cannabis","Huperzia","Iva","Pinus undiff.","Polygonum","Vitis","Xanthium","Epilobium","Hamamelis","Polypodiophyta undiff.","Aquifoliaceae undiff.","Nyssa","Cephalanthus","Cornus","Liquidambar","Morus","Ranunculaceae undiff.","Rhus","Sarcobatus","Urticaceae","Clethra","Dennstaedtia","Polygonaceae undiff.","Secale","Zea","Cistaceae undiff.","Rubus","Thuja","Campanula","Dryopteris","Liriodendron","Magnolia","Polemonium","Sanguisorba","Selaginella","Amorpha","Bidens","Brassicaceae","Ephedra","Impatiens","Liliaceae","Persicaria","Potentilla","Taxus","Violaceae undiff.","Araliaceae","Athyrium","Cladium","Coniferae undiff.","Cystopteris","Gentianaceae undiff.","Hypericum","Iridaceae undiff.","Lamiaceae undiff.","Moraceae undiff.","Ophioglossum","Oxalidaceae","Plumbaginaceae","Polypodium","Primula","Ranunculus","Rubiaceae undiff.","Saxifragaceae undiff.","Solanaceae undiff.","Trifolium","Cannabaceae undiff.","Vitaceae","Saxifraga","Caprifoliaceae undiff.","Polyonum","Cerealia","Portulacaceae","Bistorta","Caltha","Menyanthes","Onagraceae undiff.","Gentiana","Gymnocarpium","Linnaea","Sapindaceae undiff.","Alismataceae","Campanulaceae undiff.","Elaeagnaceae undiff.","Mentha","Salsola","Stachys","Zanthoxylum","Dalea","Euphorbiaceae undiff.","Pedicularis","Ribes","Scrophulariaceae","Zamia","Ericaceae subf. Monotropoideae","Rhamnaceae undiff.","Shepherdia"
1,0,0,1,8,1,0,2,0,0,2,1,0,0,0,7,0,3,0,0,0,0,0,0,0,0,0,1,0,0,1,37,1,0,0,23,1,0,0,0,0,0,4,0,0,0,2,0,0,0,0,0,0,0,0,0,0,0,0,0,0,0,2,0,0,0,0,0,0,0,1,0,0,0,1,0,0,0,0,0,0,0,0,0,0,0,0,0,0,0,0,0,0,0,0,0,0,0,0,0,0,0,0,0,0,0,0,0,0,0,0,0,1,0,0,0,0,0,0,0,0,0,0,0,0,0,0,0,0,0,0,0,0,0,0,0,0,0,0,0,0,0,0,0,0,0,0,0,0,0,0,0,0,0,0
2,0,0,1,11,0,0,2,1,0,1,1,0,0,0,9,0,2,2,0,0,0,0,0,0,0,0,1,0,0,0,27,1,0,0,28,0,1,0,0,0,2,2,0,0,0,0,0,0,4,0,0,0,0,0,0,0,0,0,0,0,0,4,0,0,0,0,0,0,0,0,0,0,0,0,0,0,0,0,0,0,0,0,0,0,0,0,0,0,0,0,0,0,0,0,0,0,0,0,0,0,0,0,0,0,0,0,0,0,0,0,0,0,0,0,0,0,0,0,0,0,0,0,0,0,0,0,0,0,0,0,0,0,0,0,0,0,0,0,0,0,0,0,0,0,0,0,0,0,0,0,0,0,0,0
3,0,0,1,24,0,0,1,1,0,0,0,0,0,0,2,0,0,3,0,0,0,0,0,0,0,0,0,0,0,0,25,0,0,0,33,0,4,0,0,0,0,1,0,0,0,0,0,0,0,1,0,0,0,1,0,0,0,0,0,0,0,2,0,0,0,0,0,0,0,0,1,0,0,0,0,0,0,0,0,0,0,0,0,0,0,0,0,0,0,0,0,0,0,0,0,0,0,0,0,0,0,0,0,0,0,0,0,0,0,0,0,0,0,0,0,0,0,0,0,0,0,0,0,0,0,0,0,0,0,0,0,0,0,0,0,0,0,0,0,0,0,0,0,0,0,0,0,0,0,0,0,0,0,0
4,0,0,1,13,0,0,1,0,0,1,0,0,0,0,11,0,1,1,0,0,0,0,0,0,0,0,2,0,1,0,30,0,0,0,31,0,2,0,0,0,0,2,0,0,0,0,0,0,0,0,0,0,0,0,0,0,0,0,0,0,0,3,0,0,0,0,0,0,0,0,0,0,0,0,0,0,0,0,0,0,0,0,0,0,0,0,0,0,0,0,0,0,0,0,0,0,0,0,0,0,0,0,0,0,0,0,0,0,0,0,0,0,0,0,0,0,0,0,0,0,0,0,0,0,0,0,0,0,0,0,0,0,0,0,0,0,0,0,0,0,0,0,0,0,0,0,0,0,0,0,0,0,0,0
5,0,1,0,10,0,0,3,1,0,0,0,0,0,0,10,0,3,0,0,0,0,0,0,0,0,1,1,0,1,1,25,1,0,0,34,0,1,0,0,0,0,2,0,0,0,1,0,0,1,0,0,0,0,0,0,0,0,0,0,0,0,3,0,0,0,0,0,0,0,0,0,0,0,0,0,0,0,0,0,0,0,0,0,0,0,0,0,0,0,0,0,0,0,0,0,0,0,0,0,0,0,0,0,0,0,0,0,0,0,0,0,0,0,0,0,0,0,0,0,0,0,0,0,0,0,0,0,0,0,0,0,0,0,0,0,0,0,0,0,0,0,0,0,0,0,0,0,0,0,0,0,0,0,0
6,0,0,0,13,0,0,0,0,0,0,2,0,0,0,17,0,2,0,0,0,0,0,0,0,0,0,0,0,2,0,15,2,0,1,28,0,0,0,0,0,0,0,0,0,0,0,0,0,0,0,0,0,0,0,0,0,0,0,0,0,0,17,0,0,0,0,0,0,0,0,0,0,1,0,0,0,0,0,0,0,0,0,0,0,0,0,0,0,0,0,0,0,0,0,0,0,0,0,0,0,0,0,0,0,0,0,0,0,0,0,0,0,0,0,0,0,0,0,0,0,0,0,0,0,0,0,0,0,0,0,0,0,0,0,0,0,0,0,0,0,0,0,0,0,0,0,0,0,0,0,0,0,0,0
7,0,0,0,0,0,0,0,1,0,0,1,0,0,0,4,0,3,1,0,0,0,0,0,0,0,0,0,0,2,3,34,0,0,1,28,0,1,0,0,0,0,3,0,0,0,1,0,0,1,0,0,0,0,0,0,0,0,0,0,0,0,15,0,0,0,0,0,0,0,0,0,0,1,0,0,0,0,0,0,0,0,0,0,0,0,0,0,0,0,0,0,0,0,0,0,0,0,0,0,0,0,0,0,0,0,0,0,0,0,0,0,0,0,0,0,0,0,0,0,0,0,0,0,0,0,0,0,0,0,0,0,0,0,0,0,0,0,0,0,0,0,0,0,0,0,0,0,0,0,0,0,0,0,0
8,0,0,0,1,0,0,3,0,0,1,1,0,0,0,3,0,4,0,0,0,0,0,0,0,0,0,0,0,7,1,18,0,0,1,39,0,0,0,0,0,0,7,0,0,0,1,0,0,0,0,0,0,0,0,0,0,0,0,0,0,0,13,0,0,0,0,0,0,0,0,0,0,0,0,0,0,0,0,0,0,0,0,0,0,0,0,0,0,0,0,0,0,0,0,0,0,0,0,0,0,0,0,0,0,0,0,0,0,0,0,0,0,0,0,0,0,0,0,0,0,0,0,0,0,0,0,0,0,0,0,0,0,0,0,0,0,0,0,0,0,0,0,0,0,0,0,0,0,0,0,0,0,0,0
9,0,1,0,0,0,0,1,0,0,0,2,0,0,0,3,0,3,1,0,0,0,0,0,0,0,0,2,0,15,0,15,0,1,0,29,0,0,0,0,1,1,1,0,0,0,0,0,0,2,0,0,0,0,0,0,0,0,0,0,0,0,22,0,0,0,0,0,0,0,0,0,0,0,0,0,0,0,0,0,0,0,0,0,0,0,0,0,0,0,0,0,0,0,0,0,0,0,0,0,0,0,0,0,0,0,0,0,0,0,0,0,0,0,0,0,0,0,0,0,0,0,0,0,0,0,0,0,0,0,0,0,0,0,0,0,0,0,0,0,0,0,0,0,0,0,0,0,0,0,0,0,0,0,0
