"","dataset.id","site.name","lat","long","depth","Acer","Alismataceae","Alnus","Amaranthaceae undiff.","Ambrosia","Artemisia","Asteraceae subf. Asteroideae","Asteraceae undiff.","Betula","Botrychium","Brassicaceae","Campanulaceae undiff.","Cannabaceae undiff.","Carya","Castanea","Ceanothus/Rhamnus","Celtis","Cephalanthus","Cornus","Corylus","Cupressaceae undiff.","Cyperaceae","Dryopteris","Elaeagnaceae undiff.","Ericaceae undiff.","Fabaceae undiff.","Fagus","Fraxinus","Galium","Ilex","Impatiens","Iva","Juglans","Larix","Liquidambar","Lycopodiaceae undiff.","Mentha","Moraceae undiff.","Morus","Myrica","Nyssa","Osmundaceae.undiff.","Ostrya/Carpinus","Oxalidaceae","Picea","Pinus subg. Pinus","Pinus subg. Strobus","Pinus undiff.","Plantago","Platanus","Poaceae undiff.","Polygonaceae undiff.","Polypodiophyta undiff.","Polypodium","Populus","Potentilla","Pteridium","Quercus","Ranunculaceae undiff.","Rosaceae undiff.","Rumex/Oxyria","Salix","Salsola","Sambucus","Sarcobatus","Saxifragaceae undiff.","Stachys","Thalictrum","Tilia","Tsuga","Ulmus","Urticaceae","Viburnum","Vitaceae","Xanthium","Zanthoxylum"
"1","19937","Spicer Lake",41.75738,-86.52208,0.5,32,0,3,2,36,4,0,1,3,0,0,0,0,10,1,0,5,2,2,6,3,12,1,0,0,1,5,10,0,1,0,7,7,6,1,3,0,0,5,0,1,0,4,0,0,0,0,0,9,0,15,1,0,0,8,0,0,44,0,0,8,6,0,1,0,0,0,1,0,0,10,20,0,0,0,0
"2","19937","Spicer Lake",41.75738,-86.52208,8.5,27,0,2,2,48,5,0,1,5,0,0,0,0,15,1,0,3,2,2,10,0,7,0,0,0,1,6,4,0,0,0,7,6,8,0,2,0,0,2,0,1,0,3,0,1,1,0,0,7,0,15,1,0,0,5,0,0,40,0,1,6,2,0,1,0,0,0,1,2,0,10,16,0,0,4,0
"3","19937","Spicer Lake",41.75738,-86.52208,16.5,21,0,1,0,57,5,2,1,7,1,0,0,0,13,0,0,4,0,1,8,0,1,0,1,0,0,5,4,0,0,0,1,3,3,0,0,0,0,0,0,0,0,3,0,3,2,0,0,4,0,9,9,0,1,3,0,0,36,0,0,2,1,0,1,0,0,0,0,4,0,8,11,0,0,75,0
"4","19937","Spicer Lake",41.75738,-86.52208,24.5,30,0,0,0,42,6,0,1,7,0,0,0,0,12,0,0,7,0,1,8,0,1,0,1,0,0,6,9,0,0,0,2,4,3,0,0,0,0,0,0,0,0,3,0,3.5,1,1,0,3,0,10,8,0,1,4,0,0,40,0,0,0,0,0,1,0,0,0,0,8,0,10,9,0,0,60,0
"5","19937","Spicer Lake",41.75738,-86.52208,32.5,36,0,3,1,5,1,2,3,8,0,0,0,0,15,0,0,9,0,1,6,0,2,0,0,0,0,37,20,1,0,0,0,5,2,0,3,1,0,0,0,2,1,7,0,4,0,1,0.5,5,0,1,0,0,1,0,0,0,77,0,0,4,2,0,0,0,0,0,0,17,0,24,1,0,0,5,0
"6","19937","Spicer Lake",41.75738,-86.52208,40.5,42,0,6,2,0,1,0,0,4,1,0,0,0,8,1,0,5,1,1,10,0,4,0,0,1,0,24,21,0,0,0,3,4,3,0,0,1,0,3,0,6,0,12,0,2,0,0,3,0,0,5,0,0,1,0,0,0,71,0,0,9,0,0,0,0,0,0,0,13,0,17,4,0,0,0,0
"7","19937","Spicer Lake",41.75738,-86.52208,48.5,57,0,0,5,2,0,1,0,3,0,0,0,0,8,0,0,2,0,0,5,0,4,1,0,0,0,20,29,0,1,0,5,8,3,0,0,0,0,3,0,8,0,12,0,7.5,0.5,1,1.5,0,0,1,1,0,0,3,0,0,50,0,0,6,0,0,0,0,0,0,0,25,0,23,4,0,0,0,0
"8","19937","Spicer Lake",41.75738,-86.52208,56.5,26,0,0,1,1,2,1,2,4,0,0,0,0,8,0,0,4,6,0,14,1,5,0,0,1,1,30,26,3,0,0,9,2,4,0,2,0,0,1,0,2,1,7,0,1.5,1,1,0,1,0,7,2,0,0,1,0,0,65,0,0,7,0,0,0,0,0,0,0,5,0,27,2,0,0,1,0
"9","19937","Spicer Lake",41.75738,-86.52208,64.5,57,0,1,4,3,0,2,5,4,1,0,0,0,3,0,0,3,1,1,7,0,4,0,0,0,0,18,53,7,0,0,1,4,1,1,0,1,0,2,0,3,0,7,0,1,1,0,0.5,2,0,9,0,0,0,4,0,0,50,0,0,5,1,0,0,0,0,0,0,1,0,16,5,0,0,0,0
"10","19937","Spicer Lake",41.75738,-86.52208,72.5,28,0,0,4,8,0,0,1,5,0,0,0,0,12,1,0,1,2,0,4,3,10,0,0,0,0,64,29,1,0,0,1,3,1,0,0,0,0,0,0,0,1,5,0,6.5,3,0,0.5,0,0,12,2,0,0,11,0,0,54,0,0,4,0,0,0,0,0,0,0,2,0,24,3,0,0,0,0
"11","19937","Spicer Lake",41.75738,-86.52208,80.5,39,0,3,1,1,0,0,6,1,0,0,0,0,3,0,0,4,1,1,2,1,6,0,0,1,0,15,53,1,0,0,0,4,8,0,1,0,0,1,0,2,5,12,0,6,0,0,0,0,1,13,1,0,0,9,0,0,84,0,0,6,2,0,0,0,0,0,0,0,0,16,0,0,0,0,0
"12","19937","Spicer Lake",41.75738,-86.52208,88.5,29,0,0,5,2,0,0,3,6,1,0,0,0,4,0,0,0,0,0,4,0,5,0,0,0,0,73,39,4,0,0,1,5,10,0,0,0,0,4,0,0,5,7,0,1,2,0,0.5,0,0,1,0,0,0,1,0,0,70,1,0,5,1,0,0,0,0,0,0,0,0,43,0,0,0,0,0
"13","19937","Spicer Lake",41.75738,-86.52208,96.5,33,0,3,0,3,0,1,0,3,0,0,0,0,12,0,0,0,0,1,4,2,9,0,0,0,0,65,39,4,0,0,1,7,13,0,0,0,0,0,0,0,1,7,0,2,0,0,0,1,0,4,0,0,0,2,0,0,97,0,0,10,1,0,0,0,0,0,0,0,0,31,0,0,0,0,0
"14","19937","Spicer Lake",41.75738,-86.52208,104.5,25,0,1,1,2,1,0,1,7,0,0,0,0,3,0,0,8,0,2,5,1,12,0,0,0,0,37,60,0,1,0,0,4,3,0,1,0,0,0,0,0,1,9,0,0,0,0,0,2,0,3,0,0,0,3,0,0,99,0,0,2,4,0,0,0,0,0,0,0,0,20,0,0,0,0,0
"15","19937","Spicer Lake",41.75738,-86.52208,112.5,24,0,0,2,3,0,1,1,4,0,0,0,0,7,0,0,3,1,1,4,6,14,0,0,0,0,8,36,1,0,0,1,4,14,0,0,0,0,1,0,1,1,3,0,1.5,0,1,0.5,2,0,5,1,0,0,9,0,0,123,0,1,2,0,0,0,0,0,0,0,1,0,11,0,0,0,0,0
"16","19937","Spicer Lake",41.75738,-86.52208,120.5,46,0,1,3,1,0,0,2,1,0,0,0,0,20,0,0,1,1,0,1,4,15,0,1,2,0,5,22,0,0,0,2,5,11,0,1,0,0,1,0,4,3,7,0,5,1,1,1,0,0,3,0,0,0,5,0,0,104,0,0,9,0,0,0,0,0,0,0,1,0,6,0,0,0,1,0
"17","19937","Spicer Lake",41.75738,-86.52208,128.5,42,0,1,1,2,0,1,3,1,2,0,0,0,18,0,0,1,0,1,2,2,15,0,1,0,0,9,25,0,0,0,1,5,7,0,2,0,0,0,0,0,2,1,0,0.5,0,0,0,1,0,4,0,0,0,2,0,2,132,1,0,12,0,0,0,0,0,0,0,0,0,8,0,0,0,0,0
"18","19937","Spicer Lake",41.75738,-86.52208,136.5,37,0,0,1,4,0,0,5,0,0,0,0,0,18,0,0,3,1,1,2,6,7,1,0,0,0,6,35,0,0,0,1,1,8,0,0,0,0,0,0,2,1,1,0,3,1,0,1,0,0,4,1,0,0,3,0,0,140,1,0,11,1,0,0,0,0,0,0,0,0,8,0,0,0,0,0
"19","19937","Spicer Lake",41.75738,-86.52208,144.5,28,0,0,3,4,0,1,3,2,0,0,0,0,25,0,0,1,1,0,0,7,3,0,0,1,0,9,19,0,0,0,0,3,2,0,3,0,0,1,0,2,1,5,0,1.5,3.5,0,0,0,0,3,2,0,0,7,0,5,132,1,0,10,1,0,0,0,0,0,0,2,0,10,0,0,0,0,0
"20","19937","Spicer Lake",41.75738,-86.52208,152.5,35,0,0,4,3,0,2,3,2,0,0,0,0,14,0,0,4,0,0,4,5,2,0,0,0,0,12,47,5,0,0,0,2,10,0,4,0,0,0,0,5,4,15,0,3,0,0,0.5,2,0,5,4,0,0,6,0,0,82,0,0,8,0,0,0,0,0,0,0,1,0,14,0,0,0,4,0
"21","19937","Spicer Lake",41.75738,-86.52208,160.5,21,0,0,0,2,1,2,0,2,0,0,0,0,21,0,0,2,1,2,1,6,4,0,0,0,0,10,20,0,0,0,0,2,6,0,1,0,0,1,0,0,3,2,0,0,5,0,0,0,0,0,0,0,0,0,1,3,124,0,0,20,2,0,0,0,0,0,0,3,0,13,0,0,0,0,0
"22","19937","Spicer Lake",41.75738,-86.52208,168.5,35,0,0,0,6,3,0,3,5,0,0,0,0,8,0,0,1,0,0,4,9,3,0,0,1,0,14,29,0,1,0,0,1,3,0,0,0,0,0,0,1,7,1,0,0.5,2,0,1,0,0,3,1,0,0,0,0,1,120,0,0,14,0,0,0,0,0,0,0,0,0,4,0,0,0,0,0
"23","19937","Spicer Lake",41.75738,-86.52208,176.5,24,0,0,2,2,3,0,5,3,0,0,0,0,18,0,0,1,4,0,4,7,0,0,0,0,0,12,29,0,0,0,0,0,4,0,0,0,0,1,0,3,6,1,0,0,2,0,2.5,0,0,7,7,0,0,0,0,2,121,0,0,17,0,0,0,0,0,0,0,0,0,9,0,0,2,0,0
"24","19937","Spicer Lake",41.75738,-86.52208,184.5,33,0,1,2,5,4,2,2,1,0,0,0,0,18,0,0,0,0,0,2,7,1,1,0,0,0,62,9,0,0,0,0,4,6,0,0,0,0,2,0,0,2,6,0,0.5,3,1,0.5,1,0,2,1,0,0,0,0,0,55,0,0,4,0,0,0,0,0,0,0,7,0,25,0,0,2,0,0
"25","19937","Spicer Lake",41.75738,-86.52208,192.5,38,0,2,2,2,1,0,1,2,0,0,0,0,12,0,0,1,0,0,1,3,3,0,0,0,0,68,35,0,0,0,0,5,10,0,0,0,0,2,0,6,2,3,0,1,1,0,0,3,0,3,1,0,0,2,0,0,47,0,0,10,1,0,0,0,0,0,0,4,0,28,0,0,1,0,0
"26","19937","Spicer Lake",41.75738,-86.52208,200.5,33,0,0,0,6,1,0,1,1,0,0,0,0,18,0,0,1,0,0,4,4,6,0,0,0,0,47,33,0,0,0,0,6,3,0,0,0,0,1,0,2,2,2,0,0.5,0,0,0,1,0,6,4,0,0,0,0,0,66,0,0,9,2,0,0,0,0,0,0,6,0,31,0,0,1,0,0
"27","19937","Spicer Lake",41.75738,-86.52208,208.5,34,0,0,0,0,2,0,5,1,0,0,0,0,16,1,0,0,0,0,2,8,2,0,0,0,0,42,27,1,0,0,0,5,7,0,0,1,0,0,0,6,3,4,0,0.5,0,1,0,3,0,4,2,0,0,0,0,0,76,0,0,10,1,0,0,0,0,0,0,3,0,32,0,0,1,0,0
"28","19937","Spicer Lake",41.75738,-86.52208,216.5,29,0,2,1,4,2,0,4,0,0,0,0,0,21,0,0,0,0,1,5,6,3,0,0,0,0,29,31,1,0,0,0,7,4,0,0,0,0,0,0,3,0,5,0,1.5,1,0,1.5,2,0,6,2,0,0,0,0,0,88,0,0,4,1,0,0,0,0,0,0,5,0,22,0,0,3,0,0
"29","19937","Spicer Lake",41.75738,-86.52208,224.5,41,0,0,4,2,1,0,3,2,0,0,0,0,23,0,0,1,0,0,4,3,3,0,0,0,0,12,26,0,0,0,0,4,1,0,0,0,0,0,0,1,0,8,0,1.5,0,1,0.5,0,0,2,3,0,0,2,0,0,109,0,1,19,3,0,0,0,0,0,0,4,0,11,0,0,0,0,0
"30","19937","Spicer Lake",41.75738,-86.52208,232.5,34,0,0,2,4,1,1,0,0,0,0,0,0,6,0,0,1,0,0,7,4,5,0,0,0,0,7,34,0,0,0,0,5,6,0,0,0,0,1,0,4,0,4,0,0,0,0,0,0,0,3,1,0,0,0,0,0,88,0,0,11,2,0,0,0,0,0,0,0,0,21,0,0,1,0,0
"31","19937","Spicer Lake",41.75738,-86.52208,240.5,21,0,1,0,8,1,2,3,2,0,0,0,0,17,0,0,1,0,0,0,0,4,0,0,4,0,30,11,0,0,0,0,3,5,0,0,0,0,3,0,0,4,2,0,0,0,3,0,2,0,4,1,0,0,2,0,0,97,0,0,10,0,0,0,0,0,0,0,10,0,22,0,0,2,0,0
"32","19937","Spicer Lake",41.75738,-86.52208,248.5,27,0,0,2,6,1,0,1,4,0,0,0,0,7,0,0,0,0,0,5,4,1,1,0,1,0,28,21,0,0,0,0,4,4,0,0,0,0,1,0,0,5,0,0,0,0,1,1,2,0,6,10,0,0,2,0,0,103,0,0,4,0,0,0,0,0,1,0,3,0,21,0,0,1,1,0
"33","19937","Spicer Lake",41.75738,-86.52208,256.5,23,0,0,4,0,0,0,1,3,0,0,0,0,23,0,0,1,0,0,1,2,3,0,0,0,0,28,27,2,0,1,0,7,5,0,0,0,0,0,0,2,1,5,0,0,1,0,2,1,0,3,1,0,0,2,0,0,87,0,0,6,0,0,0,0,0,0,0,3,0,21,0,0,0,0,0
"34","19937","Spicer Lake",41.75738,-86.52208,264.5,26,0,0,3,6,0,0,3,3,0,0,0,0,14,0,0,1,0,0,1,4,3,0,0,0,0,45,14,0,0,1,0,9,5,0,0,0,0,0,0,1,3,1,0,4,1,0,0.5,0,0,3,0,0,0,2,0,0,71,0,0,11,0,0,0,0,0,0,0,3,0,20,0,0,0,0,0
"35","19937","Spicer Lake",41.75738,-86.52208,272.5,29,0,0,1,4,0,0,4,1,0,0,0,0,14,0,0,0,0,0,2,9,5,0,0,2,0,47,5,0,0,0,0,6,11,0,2,0,0,0,0,2,0,1,0,0,0,0,0.5,0,0,5,3,0,1,0,1,0,77,0,0,11,0,0,0,0,0,0,0,2,0,28,0,0,2,0,0
"36","19937","Spicer Lake",41.75738,-86.52208,280.5,30,0,1,1,3,0,0,0,3,0,0,0,0,15,0,0,0,0,2,3,8,4,0,0,0,0,50,15,0,1,0,0,7,10,0,0,0,0,0,0,1,1,0,0,1,0,0,0,1,0,2,2,0,1,2,0,0,70,0,0,6,0,0,0,0,0,1,0,4,0,31,0,0,0,0,0
"37","19937","Spicer Lake",41.75738,-86.52208,288.5,27,0,1,1,4,1,2,3,2,0,0,0,0,18,0,0,0,0,0,1,4,6,0,0,1,0,43,13,0,0,0,0,9,12,0,0,0,0,0,0,17,0,2,0,0,0,0,0,2,0,4,1,0,0,0,0,0,62,0,0,9,0,0,0,0,0,1,0,4,0,21,0,0,0,0,0
"38","19937","Spicer Lake",41.75738,-86.52208,296.5,26,0,1,2,6,0,1,5,1,0,0,0,0,12,0,0,0,0,0,3,5,5,0,0,0,0,31,13,0,0,0,0,7,11,0,0,0,0,0,0,1,3,2,0,2,0,0,0,0,0,7,0,0,0,2,0,0,90,0,0,10,1,0,0,0,0,1,0,2,0,17,0,0,0,1,0
"39","19937","Spicer Lake",41.75738,-86.52208,304.5,45,0,1,2,6,0,1,2,0,0,0,0,0,19,0,0,1,0,1,4,6,2,0,0,0,0,38,24,1,0,0,0,11,6,0,0,0,0,0,0,3,2,3,0,0,0,0,0.5,3,0,4,0,0,0,0,0,0,74,0,0,3,0,0,0,0,0,0,0,2,0,22,0,0,1,0,0
"40","19937","Spicer Lake",41.75738,-86.52208,312.5,35,0,0,4,4,1,0,0,0,0,0,0,0,20,0,0,1,0,0,2,5,4,0,0,0,0,33,22,0,0,0,0,7,7,0,0,0,0,0,0,4,0,3,0,0.5,0,0,0,2,0,1,0,0,0,1,0,1,67,1,0,3,1,0,0,0,0,1,0,2,0,19,0,0,0,0,0
"41","19937","Spicer Lake",41.75738,-86.52208,320.5,42,0,0,0,6,3,0,1,0,1,0,0,0,8,0,0,0,0,3,4,4,3,6,0,0,0,20,18,1,0,0,0,3,10,0,0,0,0,0,0,17,0,2,0,0,0,0,1,6,0,2,0,0,0,1,0,0,68,1,0,4,1,0,0,0,0,1,0,6,0,16,0,0,0,0,0
"42","19937","Spicer Lake",41.75738,-86.52208,328.5,26,0,0,5,4,1,0,1,1,0,0,0,0,6,0,0,1,0,0,3,1,4,2,0,2,0,27,22,2,0,0,0,5,11,0,0,0,0,0,0,9,2,2,0,1.5,1,0,0,1,0,2,0,0,2,0,1,0,73,0,0,3,1,0,1,0,0,0,0,3,0,18,0,0,0,0,0
"43","19937","Spicer Lake",41.75738,-86.52208,336.5,21,0,0,4,3,0,0,1,1,0,0,0,0,6,0,0,2,0,0,0,3,1,14,0,0,0,15,25,0,0,0,0,4,4,0,0,0,0,0,0,6,1,0,0,0,1,1,0.5,0,0,3,0,0,0,1,0,0,94,0,0,11,1,0,0,0,0,1,0,2,0,22,0,0,0,0,0
"44","19937","Spicer Lake",41.75738,-86.52208,344.5,28,0,3,3,10,0,0,1,1,0,1,0,0,12,0,0,0,0,0,2,4,2,11,0,0,0,21,19,0,0,0,0,5,5,0,0,0,0,0,0,3,2,3,0,2.5,1,0,0,1,0,2,1,0,0,0,0,0,100,1,0,5,0,0,0,0,0,1,0,1,0,17,0,0,1,0,0
"45","19937","Spicer Lake",41.75738,-86.52208,352.5,25,0,0,1,1,1,0,0,1,0,0,0,0,12,0,0,2,0,0,4,6,0,4,0,0,0,11,20,2,0,0,1,10,2,0,2,0,0,0,0,6,0,0,0,2,0,0,1,1,0,5,1,0,0,1,0,0,90,0,1,7,1,0,0,0,0,0,0,3,0,18,0,0,0,0,0
"46","19937","Spicer Lake",41.75738,-86.52208,360.5,35,0,1,2,7,0,0,2,0,0,0,0,0,7,0,0,1,0,2,5,7,6,7,0,1,1,27,16,0,0,0,0,1,3,0,0,0,0,0,0,4,0,1,0,1,0,0,0,2,0,3,2,0,0,2,0,0,83,1,0,9,2,0,0,0,0,0,0,2,0,20,0,0,0,0,0
"47","19937","Spicer Lake",41.75738,-86.52208,368.5,22,0,1,2,2,1,0,0,1,0,0,0,0,16,0,0,0,1,0,0,4,2,3,0,0,0,41,20,0,0,0,3,5,5,0,0,0,0,0,0,3,1,0,0,0,0,0,1,1,0,0,0,0,0,0,0,0,98,0,0,5,0,0,0,0,0,0,0,3,0,13,0,0,0,0,0
"48","19937","Spicer Lake",41.75738,-86.52208,376.5,19,0,0,4,4,0,0,1,3,0,0,0,0,9,0,0,1,0,0,0,6,4,4,0,0,0,44,17,0,0,0,0,2,1,0,0,0,0,0,0,1,0,2,0,0,1,0,0,1,0,3,0,0,0,5,0,0,89,1,1,6,2,0,0,0,0,0,0,3,0,24,0,0,0,0,0
"49","19937","Spicer Lake",41.75738,-86.52208,384.5,20,0,0,2,3,0,0,0,2,1,0,0,0,15,0,0,0,0,3,2,7,1,2,0,2,0,35,7,0,0,0,0,6,5,0,0,0,0,1,0,3,0,2,0,1.5,1,0,0,1,0,2,0,0,0,2,0,0,94,0,1,5,0,0,0,0,0,0,0,2,0,12,0,0,0,0,0
"50","19937","Spicer Lake",41.75738,-86.52208,392.5,20,0,1,2,9,1,0,0,0,6,0,0,0,17,0,0,0,0,0,1,9,6,0,0,0,0,32,15,0,0,0,0,3,2,0,0,0,0,1,0,3,0,1,0,2.5,0,0,0,0,0,2,0,0,0,0,0,0,94,0,1,0,0,0,0,0,0,0,0,0,0,24,0,0,0,1,0
"51","19937","Spicer Lake",41.75738,-86.52208,400.5,12,0,0,0,4,0,0,2,0,0,0,0,0,13,0,0,0,0,0,0,3,5,8,0,0,0,44,10,0,0,0,0,6,0,0,0,0,0,0,0,3,0,2,0,5.5,0,0,0,0,0,2,0,0,0,0,0,0,81,0,0,0,2,0,0,0,0,0,0,4,0,31,0,0,0,0,0
"52","19937","Spicer Lake",41.75738,-86.52208,408.5,6,0,0,3,4,0,0,0,1,0,0,0,0,15,0,0,0,1,1,1,7,3,6,0,1,0,30,15,0,0,0,0,2,2,0,0,0,0,1,0,1,0,1,0,3,0,0,2,1,0,6,0,0,0,0,0,0,102,0,0,4,2,0,0,0,0,1,0,0,0,30,0,0,0,0,0
"53","19937","Spicer Lake",41.75738,-86.52208,416.5,8,0,0,1,3,0,0,1,1,0,0,0,0,12,0,0,0,1,1,2,3,2,13,0,0,0,45,10,0,0,0,0,9,0,0,0,0,0,0,0,1,0,2,0,3.5,0,0,0,0,0,0,0,0,0,0,0,0,92,0,0,3,0,0,0,0,0,0,0,5,0,27,0,0,0,0,0
"54","19937","Spicer Lake",41.75738,-86.52208,424.5,11,0,0,0,8,0,0,2,3,0,0,0,0,16,0,0,0,0,0,2,5,0,7,0,0,0,55,10,0,0,0,0,2,0,0,0,0,0,0,0,6,0,1,0,4.5,1,0,1,2,0,2,0,0,0,1,0,0,88,0,0,8,0,0,0,0,0,0,0,3,0,27,0,0,0,0,0
"55","19937","Spicer Lake",41.75738,-86.52208,432.5,23,0,0,1,4,1,0,0,2,0,0,0,0,9,0,0,0,1,1,0,7,9,9,1,1,0,57,9,0,0,0,0,0,2,0,0,0,0,0,0,1,1,1,0,1,1,0,0.5,1,0,2,0,0,0,2,0,0,76,0,0,1,0,0,0,0,0,1,0,2,0,26,0,0,0,0,0
"56","19937","Spicer Lake",41.75738,-86.52208,440.5,10,0,1,2,6,1,0,1,1,0,0,0,0,8,0,0,0,0,0,0,3,1,7,0,1,0,79,16,0,0,0,0,1,1,0,0,0,0,0,0,0,0,0,0,0,0,0,0.5,1,0,0,0,0,0,1,0,0,51,0,0,2,0,0,0,0,0,1,0,2,0,41,0,0,0,0,0
"57","19937","Spicer Lake",41.75738,-86.52208,448.5,18,0,0,1,2,0,0,0,0,0,0,0,0,13,0,0,1,0,1,1,3,4,5,0,0,0,61,16,0,0,0,0,1,0,0,0,3,0,1,0,0,0,1,0,1,0,0,0,0,0,3,0,0,0,0,0,0,75,0,1,2,0,0,0,0,0,1,0,0,0,38,0,0,0,0,0
"58","19937","Spicer Lake",41.75738,-86.52208,456.5,20,0,2,0,6,0,0,2,1,0,0,0,0,23,0,0,0,0,0,2,5,1,9,0,0,0,52,15,0,0,0,0,3,0,0,0,0,0,0,0,4,0,2,0,1,1,0,2,0,0,0,1,0,0,0,0,0,68,0,0,1,0,0,0,0,0,1,0,4,0,43,0,0,0,0,0
"59","19937","Spicer Lake",41.75738,-86.52208,464.5,14,0,0,3,2,2,0,0,2,0,0,0,0,13,0,0,0,0,0,1,5,1,6,0,0,0,55,19,0,0,0,0,4,0,0,0,0,0,0,0,4,2,2,0,0,0,0,2,4,0,0,2,0,0,0,0,0,63,0,0,3,0,0,0,0,0,0,0,4,0,44,0,0,0,0,0
"60","19937","Spicer Lake",41.75738,-86.52208,472.5,14,0,0,0,3,1,1,1,1,0,0,0,0,17,0,0,3,0,0,1,7,2,7,0,1,0,38,26,1,0,0,0,1,4,0,0,0,0,0,0,0,1,1,0,0,0,0,0.5,5,0,0,4,0,0,0,0,0,78,0,0,5,0,0,0,0,0,0,0,5,0,38,0,0,0,0,0
"61","19937","Spicer Lake",41.75738,-86.52208,480.5,18,0,0,1,3,1,0,0,1,0,0,0,0,12,0,0,0,0,1,4,7,1,3,0,0,0,43,17,0,0,0,0,0,4,0,1,0,0,0,0,4,1,0,0,0,0,0,0.5,2,0,0,2,0,0,1,0,0,88,0,0,7,1,0,0,0,0,0,0,3,0,37,0,0,0,1,0
"62","19937","Spicer Lake",41.75738,-86.52208,488.5,8,0,0,0,5,0,0,0,0,0,0,0,0,17,0,0,1,0,3,0,8,2,3,0,0,0,55,18,0,0,0,0,4,0,0,0,0,0,0,0,0,1,3,0,1,0,0,1,5,0,0,2,0,0,0,0,0,86,0,0,1,0,0,0,0,0,0,0,1,0,46,0,0,0,1,0
"63","19937","Spicer Lake",41.75738,-86.52208,496.5,17,0,1,0,3,0,0,0,0,0,0,0,0,11,0,0,1,0,0,0,4,4,4,0,1,0,47,26,0,0,0,0,0,0,0,0,0,0,0,0,1,0,0,0,0.5,1,1,1,3,0,2,5,0,0,0,0,0,84,0,0,4,1,0,0,0,0,0,0,0,0,43,0,0,0,0,0
"64","19937","Spicer Lake",41.75738,-86.52208,504.5,5,0,0,1,6,0,0,0,0,0,0,0,0,13,1,0,1,0,0,0,2,5,7,0,0,0,52,13,0,0,0,0,4,3,0,0,0,0,0,0,1,0,0,0,0,0,0,1.5,6,0,3,2,0,0,0,0,0,105,0,0,4,0,0,0,0,0,0,0,1,0,46,0,0,0,0,0
"65","19937","Spicer Lake",41.75738,-86.52208,512.5,24,0,0,0,4,0,0,0,2,0,0,0,0,16,0,0,2,0,1,3,0,7,0,0,0,0,10,14,0,0,0,0,3,0,0,1,0,0,1,0,12,0,1,0,0.5,0,0,0.5,3,0,3,0,0,0,0,0,0,113,2,1,7,1,0,0,1,0,1,0,3,0,34,0,0,0,0,0
"66","19937","Spicer Lake",41.75738,-86.52208,520.5,11,0,0,3,0,0,1,1,0,0,0,0,0,23,0,0,0,0,0,4,0,10,0,0,0,0,38,24,0,0,0,0,3,0,0,0,1,0,0,0,1,0,2,0,1,0,0,0.5,1,0,1,0,0,1,0,0,0,100,0,0,5,0,0,0,0,0,0,0,4,0,51,0,0,0,0,0
"67","19937","Spicer Lake",41.75738,-86.52208,528.5,20,0,0,0,3,1,1,0,1,0,0,0,0,12,1,0,4,0,0,0,5,7,3,0,0,0,61,22,0,0,0,0,4,0,0,0,0,0,1,0,6,0,6,0,0,0,0,0.5,3,0,2,0,0,1,0,0,0,76,0,0,7,0,0,0,0,0,0,0,2,0,42,0,0,0,0,0
"68","19937","Spicer Lake",41.75738,-86.52208,536.5,16,0,0,0,5,0,0,1,1,0,0,0,0,17,0,0,2,0,0,3,0,5,0,0,0,0,47,27,0,0,0,0,6,0,0,0,0,0,0,0,0,0,5,0,0,2,0,0,1,0,1,5,0,0,0,0,0,80,0,0,1,0,0,1,0,0,0,0,4,0,56,0,0,0,0,0
"69","19937","Spicer Lake",41.75738,-86.52208,544.5,18,0,0,4,2,0,0,1,0,0,0,0,0,14,0,0,4,0,0,2,0,6,0,0,0,0,40,15,0,0,0,0,3,0,0,3,0,0,1,0,1,0,12,0,0,0,0,1,3,0,3,1,0,0,2,0,0,78,0,0,2,0,0,1,0,0,0,0,1,0,63,0,0,0,0,0
"70","19937","Spicer Lake",41.75738,-86.52208,552.5,15,0,0,3,5,0,0,2,1,0,0,0,0,25,0,0,2,0,0,0,1,5,0,0,0,0,27,9,0,0,0,0,5,0,0,0,0,0,1,0,2,0,4,0,1,0,0,0,2,0,2,1,0,0,0,0,0,103,0,0,2,0,0,0,0,0,0,0,2,0,51,0,0,0,0,0
"71","19937","Spicer Lake",41.75738,-86.52208,560.5,21,0,0,2,7,0,0,0,1,0,0,0,0,16,0,0,2,0,0,1,1,6,0,0,1,0,4,21,0,0,0,0,2,0,0,0,1,0,0,0,1,0,8,0,0,0,0,1,3,0,3,0,0,0,0,0,0,101,0,0,4,1,0,0,0,0,0,0,4,0,57,0,0,0,0,0
"72","19937","Spicer Lake",41.75738,-86.52208,568.5,21,0,0,1,7,0,1,2,3,0,0,0,0,15,0,0,0,0,0,4,6,10,0,0,0,0,6,18,0,0,0,0,2,0,0,0,0,0,0,0,0,0,3,0,0,0,1,0,6,0,2,0,0,0,0,0,0,85,0,1,3,1,0,0,0,0,0,0,2,0,37,0,0,0,0,0
"73","19937","Spicer Lake",41.75738,-86.52208,576.5,16,0,3,2,4,0,0,0,1,0,0,0,0,18,0,0,1,0,1,3,2,2,0,0,0,0,10,35,0,0,0,0,5,0,0,0,0,0,0,0,0,0,7,0,0,1,0,1,3,0,2,0,0,0,0,0,0,127,0,0,5,0,0,0,0,0,0,0,5,0,52,0,0,0,0,0
"74","19937","Spicer Lake",41.75738,-86.52208,584.5,21,0,0,1,2,0,0,0,1,0,0,0,0,15,0,0,0,0,0,3,1,2,0,0,0,0,3,20,0,0,0,0,1,0,0,0,1,0,0,0,0,0,10,0,0,0,0,1,9,0,5,0,0,0,0,0,0,130,0,0,4,1,0,0,0,0,0,0,12,0,34,0,0,0,0,0
"75","19937","Spicer Lake",41.75738,-86.52208,592.5,25,0,1,1,3,0,0,1,1,2,0,0,0,20,0,0,1,0,0,1,2,4,0,0,2,0,2,34,0,0,0,0,1,0,0,0,0,0,2,0,0,0,6,0,0,0,0,0,5,0,1,0,0,0,0,0,0,125,0,0,2,0,0,0,0,0,0,0,8,0,43,0,0,0,0,0
"76","19937","Spicer Lake",41.75738,-86.52208,600.5,28,0,0,2,10,0,0,0,2,0,0,0,0,26,0,0,4,0,2,3,0,2,0,0,0,0,0,10,0,0,0,0,1,0,0,0,0,0,0,0,0,0,8,0,0,1,0,2,6,0,3,0,0,0,0,0,0,114,0,1,2,1,0,0,0,0,0,0,3,0,57,0,0,0,0,0
"77","19937","Spicer Lake",41.75738,-86.52208,608.5,16,0,0,5,9,0,0,0,2,0,0,0,0,22,0,0,1,3,0,5,0,3,0,0,1,0,0,19,0,0,0,0,0,0,0,0,0,0,1,0,0,0,9,0,0,1,0,1,4,0,4,5,0,0,0,0,0,118,0,0,3,2,0,0,0,0,0,0,4,0,61,0,0,0,1,0
"78","19937","Spicer Lake",41.75738,-86.52208,616.5,21,0,0,1,9,1,0,1,1,0,0,0,0,17,0,0,2,2,2,3,5,3,0,0,1,0,1,21,0,0,0,0,2,0,0,0,0,0,1,0,0,1,8,0,5,2,0,0.5,3,0,2,1,0,0,0,0,0,102,0,0,0,0,0,0,0,0,0,0,8,0,60,0,0,0,0,0
"79","19937","Spicer Lake",41.75738,-86.52208,624.5,22,0,0,1,10,1,0,2,2,1,0,0,0,19,0,0,1,5,1,4,1,2,0,0,0,0,1,23,0,0,0,0,1,0,0,0,0,0,1,0,0,0,3,0,0,1,0,1.5,5,0,6,1,0,0,0,0,0,99,0,0,5,0,0,0,0,0,0,0,4,0,59,0,0,0,0,0
"80","19937","Spicer Lake",41.75738,-86.52208,632.5,14,0,0,1,1,0,0,1,2,0,0,0,0,22,0,0,0,1,0,2,2,4,0,0,0,0,2,32,1,0,0,0,1,0,0,0,0,0,2,0,1,0,12,0,0.5,1,0,0,4,0,4,3,0,0,1,0,0,118,0,0,1,2,0,0,0,0,0,0,7,0,48,0,0,0,0,0
"81","19937","Spicer Lake",41.75738,-86.52208,640.5,25,0,0,2,8,3,0,0,0,0,0,0,0,16,0,0,1,2,0,6,4,1,0,0,0,0,2,17,0,0,0,0,2,0,0,0,2,0,1,0,0,1,13,0,0,0,0,2.5,7,0,3,4,0,0,1,0,0,113,0,0,7,2,0,0,0,0,0,0,10,0,50,3,0,0,0,0
"82","19937","Spicer Lake",41.75738,-86.52208,648.5,18,0,0,2,2,0,0,0,3,1,0,0,0,19,0,0,1,2,0,1,0,8,0,0,0,0,1,21,0,0,0,0,2,0,0,0,0,0,0,0,0,0,14,0,1,1,1,0.5,5,0,4,1,0,0,1,0,0,124,0,0,2,0,0,0,0,0,0,0,6,0,55,0,0,0,0,0
"83","19937","Spicer Lake",41.75738,-86.52208,656.5,24,0,0,1,2,1,0,0,2,0,0,0,0,19,0,0,1,1,0,0,0,8,0,0,0,0,2,18,0,0,0,0,1,0,0,0,1,0,0,0,0,0,17,0,0,1,0,0,4,0,3,0,0,0,1,0,0,136,0,0,6,1,0,0,0,0,0,0,5,0,60,0,0,0,0,0
"84","19937","Spicer Lake",41.75738,-86.52208,664.5,19,0,0,1,4,0,0,1,0,0,0,0,0,12,0,0,0,0,0,2,2,5,0,0,1,0,4,13,0,0,0,0,3,0,0,0,0,0,0,0,0,0,13,0,0,1,0,0,6,0,1,7,0,2,0,0,0,138,0,0,2,1,0,0,0,0,0,0,8,0,35,0,0,0,0,0
"85","19937","Spicer Lake",41.75738,-86.52208,672.5,20,0,0,0,2,0,0,1,3,0,0,0,0,21,0,0,2,0,0,0,2,7,0,0,0,0,2,16,0,0,0,0,2,2,0,0,0,0,0,0,0,0,19,0,0,0,0,1.5,0,0,0,0,0,0,1,0,0,147,0,0,3,0,0,0,0,0,0,0,3,0,50,1,0,0,0,0
"86","19937","Spicer Lake",41.75738,-86.52208,680.5,13,0,0,0,4,0,0,2,1,0,0,0,0,10,0,0,1,1,0,0,4,5,0,0,0,0,2,20,0,0,0,0,2,0,0,0,1,0,0,0,0,0,19,0,0,0,0,0,4,0,4,1,0,2,0,0,0,152,0,0,2,3,0,0,0,0,0,0,4,0,36,0,0,0,0,0
"87","19937","Spicer Lake",41.75738,-86.52208,688.5,26,0,0,1,6,0,0,0,2,0,0,0,0,20,0,0,1,0,0,3,0,11,0,0,0,0,0,18,0,0,0,0,4,1,0,0,0,0,0,0,0,0,20,0,2,2,0,0,2,0,5,0,0,0,0,0,0,137,0,0,5,0,0,0,0,0,0,0,5,0,27,0,0,0,0,0
"88","19937","Spicer Lake",41.75738,-86.52208,696.5,25,0,0,1,7,0,0,1,3,0,0,0,0,8,1,0,0,0,0,6,2,9,0,0,0,0,0,22,0,0,0,3,2,1,0,0,0,0,0,0,0,0,16,0,2,1,0,0,1,0,2,1,0,0,0,0,0,140,0,0,6,1,0,0,0,0,0,0,3,0,33,0,0,0,0,0
"89","19937","Spicer Lake",41.75738,-86.52208,704.5,25,0,0,2,8,1,0,1,0,0,0,0,0,26,0,0,0,0,0,1,0,3,0,0,0,0,3,17,0,0,0,0,2,1,0,0,0,0,0,0,0,0,22,0,1,0,0,1,3,0,2,1,0,0,0,0,0,179,0,0,5,0,0,0,0,0,1,0,6,0,29,0,0,0,0,0
"90","19937","Spicer Lake",41.75738,-86.52208,712.5,22,0,0,0,5,0,0,0,0,0,0,0,0,15,0,0,0,0,0,2,1,3,0,0,0,0,1,14,0,0,0,0,2,0,0,0,1,0,0,0,0,0,18,0,1.5,1,0,0.5,2,0,4,3,0,0,0,0,0,173,0,0,2,0,0,0,0,0,0,0,7,0,23,0,0,0,0,0
"91","19937","Spicer Lake",41.75738,-86.52208,720.5,24,0,0,3,8,0,0,0,0,0,0,0,0,8,0,0,1,1,0,3,4,1,0,0,0,0,1,29,0,0,0,0,1,0,0,0,0,0,0,0,0,1,12,0,0,2,0,0,2,0,1,1,0,0,0,0,0,166,0,0,3,0,0,0,0,0,0,0,3,0,23,0,0,0,0,0
"92","19937","Spicer Lake",41.75738,-86.52208,728.5,23,0,0,2,3,1,0,0,0,0,0,0,0,10,1,0,0,1,0,4,3,3,0,0,0,0,4,15,0,0,0,2,1,1,0,0,0,0,0,0,0,1,15,0,0,3,0,1,1,0,3,0,0,0,0,0,0,160,0,0,6,0,0,0,0,0,1,0,9,0,22,0,0,0,0,0
"93","19937","Spicer Lake",41.75738,-86.52208,736.5,22,0,0,1,8,0,0,0,2,0,0,0,0,21,0,0,1,0,0,3,0,1,0,0,0,0,0,21,0,0,0,0,2,0,0,0,0,0,0,0,1,0,8,0,0,2,0,2,5,0,3,3,0,0,0,0,0,162,0,0,3,0,0,0,0,0,1,0,16,0,19,0,0,0,0,0
"94","19937","Spicer Lake",41.75738,-86.52208,744.5,17,0,0,0,3,1,0,0,0,0,0,0,0,7,0,0,0,1,0,5,0,6,0,0,0,0,0,25,0,0,0,0,1,0,0,0,0,0,0,0,0,0,19,0,1.5,5,0,0.5,3,0,2,0,0,0,0,0,0,172,0,0,2,0,0,0,0,0,0,0,5,1,34,0,0,0,3,0
"95","19937","Spicer Lake",41.75738,-86.52208,750.5,10,0,0,2,2,0,0,0,0,0,0,1,0,35,1,0,1,0,1,3,2,2,0,0,0,0,4,15,2,0,0,0,1,0,0,0,0,0,0,0,0,0,21,0,0,8,4,0,5,0,10,0,1,0,0,0,0,155,0,0,3,2,0,0,2,0,0,1,8,0,29,0,0,0,0,0
"96","19937","Spicer Lake",41.75738,-86.52208,756.5,11,0,0,2,2,0,0,0,0,0,0,0,0,15,0,0,1,0,3,3,4,2,0,0,0,0,2,23,2,7,0,0,0,1,0,0,0,0,0,0,0,0,20,0,3,6,4,0,8,0,7,1,2,0,0,0,0,146,0,0,1,2,0,0,0,0,0,0,5,0,41,0,0,0,0,0
"97","19937","Spicer Lake",41.75738,-86.52208,762.5,12,0,0,1,3,2,0,0,1,0,0,0,0,31,0,0,0,0,2,3,0,4,0,0,0,0,3,22,2,1,0,0,2,1,0,0,0,0,0,0,0,0,36,0,6,4,0,0,7,0,9,0,0,0,1,0,0,130,0,0,2,1,0,0,0,0,0,0,12,0,34,0,0,0,0,0
"98","19937","Spicer Lake",41.75738,-86.52208,768.5,14,0,0,5,5,3,0,2,0,0,0,0,1,18,1,0,1,0,0,3,0,2,0,0,0,0,8,11,2,0,0,0,2,2,0,0,0,0,0,0,0,0,27,0,5,8,1,0.5,6,0,7,0,0,0,0,0,0,139,0,0,4,0,0,0,1,0,0,0,10,0,50,0,0,0,0,0
"99","19937","Spicer Lake",41.75738,-86.52208,774.5,15,0,0,2,7,0,0,1,0,0,0,0,0,27,1,1,2,0,0,7,3,5,0,0,1,0,2,10,4,0,0,0,1,0,0,0,0,2,0,0,0,0,26,0,10,7,2,1,6,0,14,0,3,0,3,0,0,111,0,0,4,0,0,0,0,0,0,0,19,0,47,0,0,0,0,0
"100","19937","Spicer Lake",41.75738,-86.52208,780.5,24,0,1,1,2,0,0,2,0,0,0,0,0,16,0,0,1,0,2,7,4,1,0,0,0,0,1,23,1,0,0,0,0,0,0,0,0,1,0,0,0,0,26,0,10,3,5,1,7,0,10,0,0,0,0,0,0,124,0,0,3,0,0,0,1,0,0,0,7,0,39,0,0,1,0,0
"101","19937","Spicer Lake",41.75738,-86.52208,786.5,28,0,0,3,3,0,0,0,0,0,0,0,0,33,0,0,0,0,0,5,2,2,0,0,0,0,2,14,3,0,0,0,2,1,0,0,0,0,0,0,0,0,26,0,14,4,4,0,0,0,8,0,3,0,2,0,0,93,1,0,3,1,0,0,0,0,0,0,16,0,51,0,0,1,0,0
"102","19937","Spicer Lake",41.75738,-86.52208,792.5,22,0,0,1,5,0,0,0,2,0,0,1,0,16,0,0,1,0,0,1,5,5,0,0,0,0,1,25,3,0,0,0,1,0,0,0,0,0,0,0,0,0,29,0,9,4,5,1,2,0,4,0,0,0,3,0,0,102,0,0,2,0,0,0,0,0,0,0,23,0,38,0,0,2,0,0
"103","19937","Spicer Lake",41.75738,-86.52208,798.5,22,0,1,1,3,0,0,1,3,0,0,0,0,17,0,0,0,0,3,2,7,1,0,0,0,0,1,13,0,0,0,0,2,0,0,0,0,0,1,0,0,0,35,0,10,5,1,3,5,0,8,0,0,0,0,0,0,81,0,0,5,1,0,0,3,0,0,0,16,0,56,0,0,0,0,0
"104","19937","Spicer Lake",41.75738,-86.52208,804.5,26,0,0,1,2,1,0,0,0,0,0,0,1,38,1,0,1,0,2,6,4,1,0,0,0,0,0,10,1,0,0,0,1,2,0,0,0,0,0,0,0,0,27,0,11,2,8,1,7,0,9,0,0,0,1,0,0,87,0,0,6,4,0,0,0,0,0,0,15,0,35,0,0,0,0,0
"105","19937","Spicer Lake",41.75738,-86.52208,810.5,16,0,0,0,1,0,0,0,2,0,0,0,2,25,0,0,3,0,0,6,2,1,0,0,0,0,0,14,1,0,0,0,2,0,0,0,0,0,0,0,0,0,44,0,20,4,11,1.5,4,0,4,0,1,0,0,0,0,78,0,0,2,2,0,0,1,0,1,0,11,0,41,0,0,0,0,0
"106","19937","Spicer Lake",41.75738,-86.52208,816.5,21,0,0,1,1,0,0,0,3,0,0,0,1,18,0,0,0,0,0,8,1,1,0,0,0,0,0,12,3,0,0,0,2,0,0,0,0,0,0,0,0,0,23,0,25,10,0,3,1,0,11,0,0,0,3,0,0,83,1,0,3,0,0,0,1,0,0,0,14,0,56,0,0,0,0,0
"107","19937","Spicer Lake",41.75738,-86.52208,822.5,13,0,2,1,2,0,0,0,4,0,0,0,0,14,0,0,0,0,0,11,3,2,0,0,0,0,2,10,2,0,0,0,5,0,0,0,0,0,0,0,0,0,43,0,15.5,3,3,2,2,1,10,0,1,0,1,0,0,93,0,0,2,1,0,0,2,0,0,0,9,0,44,0,0,1,0,0
"108","19937","Spicer Lake",41.75738,-86.52208,828.5,17,0,0,2,1,1,0,0,3,0,0,0,1,13,1,0,1,0,1,6,11,4,0,0,0,0,0,6,1,0,0,0,7,1,0,0,0,0,0,0,0,0,26,0,14,15.5,7,1,4,0,9,0,0,0,2,0,0,90,0,0,7,4,0,0,1,0,0,0,12,0,49,0,0,0,0,0
"109","19937","Spicer Lake",41.75738,-86.52208,834.5,14,0,3,2,0,2,0,1,5,0,0,0,0,14,0,0,0,0,0,4,6,3,0,0,0,0,0,10,2,0,0,0,1,2,0,0,0,0,0,0,0,0,51,0,14,8,11,0,4,0,11,0,0,0,3,0,0,87,0,0,2,1,1,0,0,0,0,0,7,0,38,0,0,0,0,0
"110","19937","Spicer Lake",41.75738,-86.52208,840.5,16,0,1,1,0,1,0,1,3,0,0,0,0,18,0,0,0,0,1,3,2,2,0,0,0,0,0,19,1,0,0,0,3,0,0,0,0,0,0,0,0,0,39,0,19,6,8.5,1.5,4,0,7,0,0,0,0,0,0,95,0,0,2,0,0,0,2,0,0,0,3,0,44,0,0,0,0,0
"111","19937","Spicer Lake",41.75738,-86.52208,846.5,6,0,1,0,2,1,0,0,3,0,0,0,0,11,0,15,0,0,2,5,1,3,0,0,0,1,1,24,0,0,0,0,2,0,0,0,0,0,2,0,0,0,44,0,3,12,1,37,3,0,18,0,2,0,3,0,0,73,0,0,5,2,0,3,1,0,0,0,4,1,40,0,0,0,0,0
"112","19937","Spicer Lake",41.75738,-86.52208,852.5,5,0,0,2,4,3,0,0,7,0,0,0,1,10,0,0,1,0,0,3,4,2,0,0,0,0,0,16,2,0,0,0,1,0,0,0,0,0,0,0,0,0,16,0,36,65,11,0,8,0,9,0,1,0,1,0,0,61,0,0,6,0,0,0,2,0,0,0,4,0,45,1,0,0,0,0
"113","19937","Spicer Lake",41.75738,-86.52208,858.5,8,0,1,0,2,1,0,0,11,0,0,0,0,6,0,0,3,0,0,4,0,4,0,0,0,0,0,27,3,0,0,0,2,3,0,0,0,0,0,0,0,0,22,0,24.5,30.5,7,0,6,4,12,0,1,0,2,0,0,66,0,0,8,0,0,0,0,0,0,0,22,0,48,0,0,0,0,0
"114","19937","Spicer Lake",41.75738,-86.52208,864.5,7,0,1,0,3,1,0,0,6,0,0,0,0,3,2,0,0,0,1,4,0,2,0,0,0,0,5,33,6,0,0,0,3,2,0,0,0,0,0,0,0,0,62,3,10.5,12,5,53,5,0,12,0,3,0,0,0,0,18,0,0,5,2,0,1,1,0,2,0,0,0,62,0,0,2,0,0
"115","19937","Spicer Lake",41.75738,-86.52208,870.5,4,0,1,1,1,0,0,0,38,0,0,0,0,5,0,0,1,0,2,7,0,1,0,0,0,0,0,31,1,1,0,0,2,4,0,0,0,0,0,0,0,0,16,0,15.5,65,8,0,5,0,9,0,0,0,0,0,0,25,0,0,0,1,0,0,0,0,0,0,1,0,57,2,3,0,0,0
"116","19937","Spicer Lake",41.75738,-86.52208,876.5,7,0,1,0,1,1,0,1,42,0,0,0,0,1,0,0,0,0,4,7,1,0,0,0,0,0,0,20,1,0,0,0,0,5,0,0,0,0,0,0,0,0,18,0,20.5,77,6,2,5,0,5,0,0,0,0,0,0,25,0,0,0,5,0,0,0,0,0,0,0,0,20,0,0,0,0,0
"117","19937","Spicer Lake",41.75738,-86.52208,882.5,3,0,4,2,2,0,0,0,3,0,0,0,0,0,1,0,0,0,0,6,1,5,0,0,0,0,0,17,1,0,0,0,0,3,0,0,0,0,0,0,0,0,48,2,30.5,20,4,74.5,4,0,7,0,0,0,0,0,0,22,0,0,4,0,0,1,0,0,0,0,0,0,25,0,0,0,0,0
"118","19937","Spicer Lake",41.75738,-86.52208,888.5,2,0,7,0,0,6,0,0,5,0,0,0,0,6,0,0,3,0,0,3,5,0,0,0,0,1,0,15,0,0,0,0,1,8,0,0,0,0,0,1,0,0,31,0,63.5,113,1,5,7,0,1,0,0,0,0,0,1,17,0,0,1,1,0,1,0,0,0,0,0,0,5,0,0,0,0,0
"119","19937","Spicer Lake",41.75738,-86.52208,894.5,7,0,0,0,1,0,0,2,34,0,0,0,1,3,0,0,0,0,0,5,2,1,0,0,0,0,0,7,2,0,0,0,0,2,0,0,0,0,0,0,0,0,12,0,52.5,126,15,0,8,0,6,0,3,0,0,0,0,16,0,0,1,2,0,0,0,0,0,0,0,0,6,0,0,0,0,0
"120","19937","Spicer Lake",41.75738,-86.52208,900.5,2,0,0,1,0,0,0,0,10,0,0,0,1,2,1,0,0,0,0,4,0,6,0,0,0,0,0,7,0,0,0,0,0,6,0,0,0,0,0,1,0,0,9,0,93.5,78.5,12,1,2,0,4,0,0,0,1,0,0,12,0,0,0,2,0,1,0,0,0,0,0,1,7,0,0,0,0,0
"121","19937","Spicer Lake",41.75738,-86.52208,908.5,3,0,1,4,4,2,0,2,4,0,0,0,0,2,0,1,2,0,0,1,0,4,0,0,0,1,0,12,0,0,0,0,0,3,0,0,0,0,0,0,0,0,4,0,159,85.5,5,1.5,3,0,2,0,0,0,0,0,0,14,0,0,0,0,0,0,0,1,0,0,0,0,2,0,0,0,0,0
"122","19937","Spicer Lake",41.75738,-86.52208,912.5,1,0,0,1,2,3,0,1,2,0,0,0,2,0,0,0,0,0,1,5,0,5,0,0,0,0,0,8,1,0,0,0,0,3,0,0,0,0,0,1,0,1,6,0,119,62.5,6,3,1,0,5,0,1,0,1,0,0,13,0,0,0,0,0,0,0,0,0,0,0,0,1,0,0,0,0,0
"123","19937","Spicer Lake",41.75738,-86.52208,918.5,1,0,0,7,2,7,0,3,0,0,0,0,2,4,0,0,0,0,4,4,4,6,0,0,0,0,0,8,2,0,0,0,0,7,0,0,0,1,0,0,0,0,12,0,139,0.5,0,2,2,0,18,0,4,0,2,0,0,22,0,0,1,1,0,1,0,0,0,0,1,2,3,0,0,0,0,0
"124","19937","Spicer Lake",41.75738,-86.52208,924.5,5,0,1,2,6,5,0,1,0,0,0,0,1,6,0,0,3,0,4,4,1,9,0,0,0,0,0,21,0,0,0,0,0,6,0,0,0,0,0,0,0,0,29,0,76,0,0,0,6,0,10,0,4,0,8,0,0,31,1,0,2,2,0,0,1,1,0,1,0,0,5,0,0,0,0,0
"125","19937","Spicer Lake",41.75738,-86.52208,928.5,2,1,1,7,2,1,0,3,6,0,0,0,2,4,1,0,3,0,2,3,2,4,0,0,1,6,1,51,0,0,0,1,0,4,0,0,0,0,1,1,0,0,26,0,125,16,0,0,2,0,16,0,0,0,0,0,1,28,0,0,3,1,0,1,1,0,0,1,0,0,11,0,0,0,0,0
"126","19937","Spicer Lake",41.75738,-86.52208,930.5,11,0,0,7,3,5,0,1,1,0,0,0,0,9,0,0,0,0,2,3,1,13,0,0,0,0,2,42,3,0,0,0,3,4,0,0,0,2,0,0,0,0,27,0,92.5,0,0,3.5,0,0,15,0,4,0,5,0,0,42,0,0,5,2,0,0,0,0,1,0,0,0,9,0,0,0,0,0
"127","19937","Spicer Lake",41.75738,-86.52208,942.5,13,0,0,3,7,4,0,1,0,1,0,0,0,2,1,0,0,0,2,2,1,7,0,0,0,0,0,38,1,0,0,0,0,8,0,0,0,0,0,0,0,0,16,0,137,1,0,0,1,0,32,0,4,0,8,0,0,39,0,0,1,1,0,0,2,0,0,1,0,0,8,0,0,0,0,1
"128","19937","Spicer Lake",41.75738,-86.52208,948.5,7,0,1,7,5,9,0,0,6,0,0,0,1,6,1,0,0,0,1,1,4,8,0,0,0,3,0,37,4,0,0,0,2,4,0,0,0,0,0,2,0,0,42,0,121.5,2,0,2,0,2,17,0,2,0,0,0,3,31,0,0,2,10,0,2,0,0,0,0,0,0,5,0,0,0,0,0
"129","19937","Spicer Lake",41.75738,-86.52208,954.5,9,0,0,6,4,4,0,2,0,0,0,0,2,3,0,0,1,0,1,2,1,4,0,0,0,2,0,80,6,0,0,1,1,3,0,0,0,0,5,0,0,0,14,0,117,0,1,4,3,0,25,0,6,0,1,0,0,29,0,0,3,3,1,1,0,0,0,0,0,0,10,4,0,0,0,0
"130","19937","Spicer Lake",41.75738,-86.52208,968.5,4,0,5,0,4,1,0,1,4,0,0,0,1,7,0,0,0,0,0,0,5,1,0,0,0,1,3,20,0,0,0,0,1,6,0,0,0,0,0,3,0,0,35,0,95,17.5,0,23,9,0,4,0,0,0,0,0,2,32,0,0,5,5,0,0,0,0,0,0,0,1,18,5,0,0,0,0
"131","19937","Spicer Lake",41.75738,-86.52208,972.5,6,0,0,2,2,2,0,1,2,0,0,0,0,11,2,0,0,1,1,5,8,8,0,0,0,1,0,17,0,1,0,1,0,1,0,0,0,0,0,0,0,0,9,0,161,0,1,7,3,0,10,0,7,0,9,0,0,22,0,0,0,4,1,0,0,0,0,0,0,0,9,1,0,0,0,0
"132","19937","Spicer Lake",41.75738,-86.52208,978.5,5,0,0,2,3,3,0,2,0,0,0,0,1,5,0,0,0,1,0,4,2,10,0,0,4,0,0,41,0,1,0,0,1,3,0,0,0,0,2,0,0,0,20,0,159.5,0,0,3,2,0,20,0,5,0,11,0,0,25,0,0,2,0,0,0,0,0,0,0,0,0,5,1,0,0,0,0
"133","19937","Spicer Lake",41.75738,-86.52208,984.5,3,0,2,1,4,1,2,2,0,0,0,0,2,5,0,0,0,1,0,5,10,14,0,0,1,2,2,52,1,3,0,2,4,10,0,0,0,0,0,0,0,0,15,0,131.5,0,0,3,1,0,24,0,7,0,12,0,2,26,0,0,2,3,0,3,0,0,0,0,0,0,5,0,0,0,0,0
"134","19937","Spicer Lake",41.75738,-86.52208,990.5,7,0,0,0,3,0,2,3,0,0,0,0,0,4,0,0,1,1,1,3,4,5,0,0,0,0,1,37,0,1,0,1,2,3,0,0,0,0,0,0,0,0,9,0,114,0,1,0,4,0,15,0,1,0,2,0,0,17,0,0,7,4,0,0,2,0,0,2,0,0,2,0,0,0,0,0
"135","19937","Spicer Lake",41.75738,-86.52208,996.5,5,0,1,2,9,5,2,2,1,1,0,0,1,4,0,0,0,1,1,2,13,10,0,0,0,0,0,38,1,2,0,2,1,6,0,0,0,0,0,0,0,0,20,0,154.5,0,1,1,2,0,27,0,3,0,10,0,0,19,0,0,9,1,0,0,0,0,0,0,0,0,3,1,0,0,0,0
"136","19937","Spicer Lake",41.75738,-86.52208,1002.5,6,0,1,2,6,3,2,2,0,1,0,0,2,5,0,0,0,1,0,4,6,8,1,0,2,1,1,38,0,5,0,6,0,1,0,0,0,0,0,0,0,0,22,0,156,0,0,4,3,0,12,0,0,0,6,0,0,19,0,0,5,7,0,0,0,0,0,0,0,0,4,4,0,0,0,0
"137","19937","Spicer Lake",41.75738,-86.52208,1008.5,3,0,0,3,5,8,2,1,3,3,0,0,4,2,1,0,0,1,0,1,9,4,0,0,2,1,0,62,7,4,0,1,0,6,0,0,0,0,0,0,0,0,22,0,138.5,1,0,4.5,2,0,21,0,1,0,5,0,0,20,2,0,8,9,0,1,1,0,0,0,0,0,6,3,0,0,0,0
"138","19937","Spicer Lake",41.75738,-86.52208,1014.5,5,0,1,0,10,2,2,3,2,3,0,0,1,1,0,0,0,1,0,0,9,9,1,0,0,0,0,29,2,9,0,0,0,6,0,0,0,0,0,0,0,0,34,0,158.5,0,0,1,4,0,21,0,0,0,6,0,0,21,3,0,7,7,0,2,0,0,0,0,0,0,4,8,0,0,0,0
"139","19937","Spicer Lake",41.75738,-86.52208,1020.5,2,0,1,1,9,2,2,6,0,0,0,0,0,7,0,0,0,1,0,2,6,7,1,0,0,1,0,30,3,5,0,1,2,5,0,0,1,0,0,0,0,0,17,0,178,0,0,0,5,0,11,0,0,0,4,0,0,21,0,0,3,5,0,1,1,0,3,0,0,0,2,3,0,0,0,0
"140","19937","Spicer Lake",41.75738,-86.52208,1026.5,9,0,0,0,1,7,2,1,0,1,0,0,1,2,0,0,1,1,0,4,16,11,2,0,0,2,0,50,2,0,0,2,2,2,0,0,2,0,0,0,0,0,19,0,150.5,0,0,0,4,0,30,0,0,0,7,0,0,21,0,0,3,3,0,0,1,0,4,0,0,0,4,3,0,0,0,0
"141","19937","Spicer Lake",41.75738,-86.52208,1032.5,4,0,0,1,12,2,0,1,2,0,0,0,3,6,1,0,0,1,0,4,8,13,0,0,0,1,0,37,2,1,0,0,1,2,0,0,0,0,0,0,0,0,19,0,171,1,0,0.5,4,0,16,0,0,0,6,0,0,21,2,0,0,7,0,0,0,0,0,0,0,0,2,1,0,0,0,0
"142","19937","Spicer Lake",41.75738,-86.52208,1044.5,2,0,1,0,9,2,0,3,0,0,0,0,3,2,0,0,0,0,0,4,13,16,0,0,0,4,0,29,2,1,0,0,0,1,0,0,0,0,0,0,0,0,22,0,180.5,5,0,0,0,0,25,0,0,0,1,0,0,29,1,0,7,2,0,0,0,0,1,0,0,0,6,0,0,0,0,0
"143","19937","Spicer Lake",41.75738,-86.52208,1048.5,0,0,1,0,3,0,0,0,0,0,0,0,1,0,0,0,0,0,0,0,3,0,0,0,1,0,0,5,0,0,0,0,0,1,0,0,0,0,0,0,0,0,0,0,40,0,0,0.5,0,0,0,0,0,0,1,0,1,4,0,0,3,1,0,0,0,0,0,0,0,0,1,1,0,0,0,0
"144","19937","Spicer Lake",41.75738,-86.52208,1050.5,2,0,2,4,5,1,0,1,0,0,0,0,0,2,0,0,5,0,0,5,7,4,5,0,0,0,0,40,0,0,0,0,4,5,0,0,0,0,1,1,0,0,16,0,179,0,0,1,5,0,3,0,0,0,0,0,0,18,1,0,2,4,0,1,1,3,0,0,0,1,3,0,0,0,0,0
"145","19937","Spicer Lake",41.75738,-86.52208,1056.5,3,0,1,2,3,3,0,2,0,0,0,0,0,2,0,0,0,0,0,1,11,11,2,0,0,1,0,50,0,0,0,0,6,4,0,0,0,0,1,2,0,0,14,0,163.5,1,0,5,2,0,24,0,0,0,5,0,0,25,1,0,2,4,0,0,0,0,2,0,0,0,0,5,0,0,0,0
