V41965,V15242,V33703,V59945,V17381,V33248,V49787,V16963,V31786,V50167,V33027,V49232,V903,V46302,V37001,V51324,V30929,V35671,V58891,V20375,V59012,V8627,V33529,V13384,V21345,V8519,V2534,V6605,V60031,V41558,V30659,V64465,V31549,V37803,V55724,V64762,V37742,V14737,V21319,V27984,V49751,V22600,V4988,V41449,V48667,V57885,V41892,V47994,V61092,V55728,V32740,V22097,V32405,V52932,V13911,V20135,V16019,V45164,V39102,V18322,V36904,V65753,V34084,V17593,V6601,V52395,V35703,V28133,V18402,V18846,V53791,V27101,V49675,V7566,V64290,V29102,V64988,V44704,V26767,V56481,V12213,V57825,V12775,V26906,V64116,V20346,V46459,V47928,V50343,V36567,V17376,V31976,V6608,V43109,V13501,V7069,V24014,V50844,V12368,V27259,V14151,V27325,V26996,V6899,V13104,V27909,V51375,V60971,V61303,V36392,V41318,V50855,V62924,V44599,V37502,V62612,V24398,V4843,V46060,V10294,V50028,V5504,V52499,V52044,V62135,V38828,V21765,V16240,V60599,V15670,V65177,V33705,V28338,V57892,V14645,V10821,V63697,V2610,V54422,V56670,V40131,V3895,V52688,V25361,V53484,V19770,V23485,V40376,V45671,V8011,V52624,V24818,V31729,V3271,V54102,V61050,V62002,V39261,V36706,V54692,V60758,V57983,V45014,V29503,V61414,V3233,V18657,V47803,V55160,V58440,V62274,V7229,V21495,V31906,V33369,V5801,V35739,V7632,V37247,V63951,V12252,V6516,V6622,V65889,V22519,V64663,V802,V35464,V52012,V60791,V6476,V65594,V48768,V54767,V60070,V37838,V19695,V56038,V4727,V33473,V14691,V3706,V19006,V45128,V1957,V10929,V17338,V53894,V37334,V12822,V28932,V24482,V51748,V26135,V52642,V44267,V40864,V38330,V12360,V42263,V2505,V62740,V27159,V60169,V19729,V5637,V35472,V60978,V1018,V24754,V41484,V56980,V26840,V29586,V19404,V30891,V14852,V5243,V52273,V15117,V16925,V64919,V33387,V33243,V38580,V50303,V62363,V31206,V42986,V51993,V4444,V46453,V45189,V15621,V16538,V64595,V11548,V41688,V6525,V65623,V20972,V12807,V7036,V44832,V20578,V27613,V64153,V24486,V51283,V61017,V16566,V20023,V17111,V46378,V3265,V51675,V57745,V10844,V51827,V2522,V10689,V14140,V10299,V21833,V26590,V65215,V21116,V1242,V18915,V58746,V2005,V23414,V33842,V29268,V64974,V61245,V9102,V53901,V28589,V6612,V11882,V56008,V29950,V42391,V14582,V812,V54326,V15289,V60943,V24551,V60236,V19681,V17860,V63598,V11163,V54725,V10581,V33186,V62497,V12677,V53189,V7807,V3368,V40603,V27730,V31430,V59203,V29761,V31390,V37877,V48281,V8669,V5687,V60714,V54196,V39815,V66078,V49993,V30265,V40655,V41869,V51123,V17839,V57993,V45865,V65843,V44559,V7601,V58718,V60090,V11341,V50329,V52545,V2328,V17733,V44988,V65334,V16372,V46486,V26438,V2132,V19516,V45246,V43530,V29637,V16813,V55030,V57908,V15773,V6523,V43423,V40266,V43656,V53213,V37172,V41667,V53963,V49960,V41510,V47989,V26776,V43147,V24266,V15150,V24355,V44762,V2200,V16008,V3315,V386,V4478,V32856,V3494,V46335,V56093,V34329,V23575,V49827,V26239,V43103,V36764,V13715,V37521,V35836,V46978,V58500,V9244,V52981,V56661,V32338,V7835,V56567,V30685,V61708,V14456,V27509,V17429,V14524,V9053,V33414,V17066,V47177,V44162,V1665,V2858,V42452,V42443,V32807,V6702,V19610,V42360,V60128,V28633,V50655,V22368,V10171,V59914,V46392,V41705,V50781,V24663,V43476,V15523,V56620,V52430,V29900,V5201,V31646,V42414,V10266,V6559,V43845,V7175,V61672,V52554,V42753,V15032,V61101,V42747,V21493,V18877,V3287,V35206,V61244,V20973,V47667,V34159,V51676,V13291,V47155,V53526,V50683,V56764,V58831,V7195,V30543,V15736,V40870,V62192,V6024,V7397,V56849,V10584,V19158,V18115,V40147,V33699,V50666,V36179,V44280,V58317,V27435,V2145,V35308,V40528,V5142,V2971,V52446,V40426,V65984,V1526,V61443,V12236,V47826,V19106,V2295,V59286,V35060,V28545,V23521,V64119,V64270,V23663,V28701,V37234,V38088,V36122,V15297,V62950,V24573,V3165,V6369,V53070,V41457,V18771,V31578,V20170,V8609,V11886,V26047,V32979,V1528,V58536,V6465,V27246,V29421,V52348,V35007,V47845,V37344,V27390,V53961,V25061,V16740,V23552,V9141,V40000,V15147,V59489,V18410,V57944,V56933,V17395,V28592,V6780,V15444,V47482,V47954,V60115,V675,V32267,V54585,V57706,V16870,V29791,V42615,V62831,V40606,V26368,V65456,V13762,V32411,V38266,V24838,V14528,V40596,V45293,V35149,V65339,V25262,V62075,V17469,V62427,V27160,V27688,V4474,V7346,V64710,V4374,V5702,V14759,V41658,V3863,V57095,V18353,V11214,V62622,V64424,V32820,V36402,V61992,V38231,V42037,V58910,V26364,V57974,V53362,V31999,V18036,V47846,V44721,V10262,V45851,V28316,V44695,V41282,V59316,V44216,V66110,V43721,V28570,V24604,V9924,V24156,V54467,V23135,V4134,V45598,V20365,V11312,V31227,V982,V19406,V9900,V50975,V1297,V701,V28901,V66033,V19548,V15271,V37495,V9673,V22252,V59983,V35681,V65893,V6649,V31952,V36303,V16988,V30692,V21897,V18885,V7884,V31512,V58221,V8193,V24907,V18250,V51322,V58179,V58302,V27753,V65854,V24078,V20331,V29910,V61178,V35417,V11006,V41303,V16565,V33216,V48591,V1758,V61714,V60372,V25338,V50437,V55335,V62666,V53368,V39935,V25127,V43747,V3822,V9620,V39315,V29618,V49127,V65595,V6425,V17012,V19357,V16609,V19247,V7957,V23798,V3919,V65554,V13361,V65355,V29019,V39530,V266,V1383,V14595,V30577,V14387,V17757,V4128,V16402,V11309,V12759,V64017,V58072,V19435,V61715,V9681,V55345,V49335,V41096,V53318,V41687,V42451,V4916,V61445,V60585,V18270,V26969,V5481,V25947,V29070,V5992,V18219,V2829,V9054,V57369,V38610,V30650,V54700,V61860,V29462,V32419,V26021,V34386,V47437,V62868,V10070,V65448,V20007,V51271,V49332,V40118,V44465,V12296,V32056,V35578,V64860,V56243,V46489,V20538,V43388,V22310,V52015,V13083,V61950,V57228,V48102,V63728,V30073,V26479,V54681,V9523,V56718,V59653,V46047,V34167,V34072,V34847,V32696,V57407,V23249,V48484,V34482,V55813,V61354,V56541,V45753,V64722,V972,V22544,V51716,V16171,V39478,V51820,V29259,V54917,V16206,V35382,V35725,V30050,V21163,V379,V61045,V17241,V54450,V50880,V2786,V65786,V15645,V38689,V28220,V12717,V24938,V61427,V46665,V10182,V37104,V32530,V24733,V14420,V65730,V42718,V47810,V11064,V64248,V12119,V56864,V65844,V2393,V41223,V47442,V33019,V58205,V62786,V45518,V21503,V62140,V29816,V14985,V30727,V42265,V64682,V16701,V159,V28164,V4509,V50560,V34813,V52160,V8329,V20263,V3621,V48991,V24412,V60711,V63568,V43971,V22748,V1324,V3545,V4225,V9026,V46902,V27720,V42712,V60009,V2015,V7597,V53078,V47707,V6486,V60426,V31005,V751,V48989,V31146,V48309,V13552,V14159,V12923,V52700,V59824,V61047,V22960,V23409,V61072,V18791,V57760,V60270,V61779,V28232,V1602,V41491,V13731,V25271,V58577,V61013,V2123,V61349,V30002,V31553,V41294,V40915,V6740,V22477,V33758,V54706,V18380,V33067,V15969,V38030,V22885,V27391,V7105,V65701,V40804,V59942,V44350,V21832,V63346,V31356,V54351,V45639,V64913,V3440,V23103,V30261,V47485,V65942,V64838,V25375,V24874,V60889,V15585,V28523,V1385,V57441,V36854,V60075,V38968,V43433,V54854,V6075,V28499,V39903,V40054,V25797,V13024,V18625,V45396,V24109,V24154,V58478,V64391,V42066,V27585,V26938,V30372,V12383,V56960,V22964,V36658,V54337,V6251,V10662,V49663,V3873,V25608,V10453,V59579,V29317,V9522,V19427,V10768,V52875,V18968,V11692,V41300,V19603,V12172,V24521,V5379,V3017,V52498,V45431,V42974,V25609,V23601,V26374,V36912,V47531,V46994,V63378,V38261,V4604,V3394,V29445
-25,-59,-41,-42,-28,-44,-40,-38,-47,-32,-31,-34,-38,-32,-19,-50,-44,-32,-34,-33,-36,-32,-37,-52,-44,-35,-32,-49,-8,-42,-36,-42,-45,-38,-27,-28,-40,-38,-23,-38,-32,-30,-27,-28,-39,-35,-38,-53,-38,-30,-48,-34,-29,-37,-53,-44,-65,-38,-38,-45,-45,-52,-35,-32,-34,-42,-28,-42,-36,-28,-41,-40,-29,-46,-41,-19,-40,-44,-38,-66,-9,-53,-41,-37,-49,-42,-61,-35,-43,-65,-35,-46,-33,-39,-69,-31,-56,-28,-32,-35,-43,-40,-35,-36,-15,-34,-32,-49,-37,-40,-34,-33,-29,-37,-39,-59,-40,-32,-39,-41,-28,-29,-27,-39,-26,-36,-41,-32,-34,-34,-22,-40,-36,-29,-49,-30,-40,-34,-55,-45,-19,-38,-20,-20,-40,-56,-41,-39,-33,-23,-27,-34,-50,-22,-38,-48,-44,-35,-53,-47,-36,-40,-39,-43,-32,-39,-21,-38,-42,-30,-41,-54,-33,-35,-21,-30,-26,-44,-36,-34,-40,-63,-29,-44,-63,-37,-33,-30,-54,-24,-34,-38,-30,-33,-24,-39,-29,-59,-40,-43,-37,-29,-46,-40,-38,-38,-43,-43,-50,-33,-39,-21,-37,-39,-36,-31,-45,-30,-34,-36,-30,-36,-30,-36,-32,-41,-48,-51,-34,-45,-23,-53,-44,-45,-29,-23,-38,-36,-36,-50,-30,-44,-54,-30,-31,-34,-31,-35,-32,-41,-41,-30,-36,-35,-15,-48,-43,-40,-40,-40,-35,-22,-28,-36,-38,-33,-39,-33,-31,-32,-28,-41,-51,-36,-42,-59,-35,-45,-38,-44,-27,-42,-34,-28,-33,-48,-42,-34,-33,-37,-29,-37,-46,-31,-30,-40,-34,-28,-38,-29,-36,-43,-40,-36,-39,-32,-44,-35,-33,-39,-45,-31,-39,-30,-29,-37,-34,-32,-18,-44,-32,-39,-34,-44,-38,-39,-46,-37,-27,-31,-51,-24,-45,-40,-51,-44,-39,-37,-28,-49,-22,-29,-48,-29,-31,-37,-42,-45,-34,-16,-34,-33,-59,-51,-39,-40,-36,-58,-42,-35,-41,-67,-40,-41,-54,-41,-30,-38,-36,-40,-31,-52,-47,-72,-26,-40,-38,-34,-35,-28,-30,-40,-36,-43,-35,-31,-45,-26,-39,-28,-41,-50,-36,-47,-38,-30,-29,-42,-51,-38,-28,-39,-30,-34,-40,-36,-32,-44,-38,-25,-29,-43,-47,-34,-48,-36,-39,-44,-44,-36,-40,-41,-36,-30,-42,-34,-26,-22,-35,-41,-23,-43,-44,-46,-41,-55,-41,-39,-35,-31,-37,-48,-33,-36,-38,-47,-34,-55,-42,-34,-32,-29,-43,-30,-47,-42,-24,-27,-47,-39,-30,-30,-39,-37,-31,-38,-46,-34,-28,-43,-32,-34,-40,-50,-36,-41,-43,-40,-43,-35,-42,-48,-41,-32,-39,-41,-28,-23,-47,-36,-54,-42,-39,-42,-38,-46,-36,-37,-29,-39,-21,-20,-48,-33,-35,-43,-31,-41,-31,-48,-24,-25,-47,-43,-39,-50,-48,-34,-33,-31,-32,-36,-47,-41,-49,-35,-38,-37,-53,-43,-35,-41,-35,-47,-44,-38,-30,-19,-39,-42,-26,-41,-32,-48,-52,-37,-35,-25,-99,-38,-36,-40,-36,-49,-39,-31,-38,-43,-42,-44,-37,-51,-34,-37,-36,-39,-44,21,-46,-37,-28,-37,-34,-33,-39,-20,-37,-43,-42,-44,-42,-36,-36,-52,-51,-38,-35,-28,-33,-38,-40,-27,-26,-53,-35,-42,-29,-26,-41,-35,-26,-47,-42,-30,-38,-33,-45,-42,-29,-67,-92,-58,-16,-29,-26,-43,-62,-28,-29,-42,-42,-34,-41,-34,-41,-30,-36,-43,-36,-36,-40,-34,-29,-44,-37,-40,-47,-46,-33,-35,-33,-42,-43,-37,-40,-43,-27,-37,-42,-37,-30,-41,-45,-35,-37,-36,-39,-37,-38,-46,-27,-26,-39,-38,-22,-23,-42,-27,-53,-38,-65,-35,-32,-32,-38,-31,-51,-22,-34,-38,-48,-42,-42,-43,-59,-39,-42,-32,-37,-31,-37,-43,-48,-35,-41,-32,-30,-46,-38,-30,-39,-30,-30,-32,-49,-43,-42,-43,-37,-37,-37,-40,-42,-33,-37,-38,-35,-45,-29,-25,-31,-33,-38,-33,-35,-27,-26,-40,-44,-31,-53,-28,-40,-28,-28,-39,-39,-29,-40,-28,-48,-40,-46,-71,-21,-38,-31,-37,-33,-40,-31,-34,-50,-30,-34,-33,-33,-49,-27,-47,-21,-39,-33,-31,-33,-33,-40,-35,-8,-32,-30,-32,-52,-53,-29,-50,-41,-30,-21,-45,-28,-36,-27,-37,-34,-38,-50,-40,-35,-42,-38,-37,-37,-45,-42,-54,-35,-32,-48,-34,-39,-34,-23,-23,-45,-26,-22,-31,-21,-33,-35,-52,-44,-38,-50,-54,-40,-39,-36,-40,-34,-40,-36,-34,-39,-49,-56,-34,-39,-28,-33,-27,-38,-44,-16,-32,-49,-32,-54,-43,-39,-39,-32,-34,-25,-32,-51,-47,-45,-37,-25,-39,-30,-19,-32,-29,-39,-29,-37,-43,-47,-44,-39,-41,-38,-37,-39,-34,-41,-42,-36,-80,-50,-24,-39,-37,-46,-31,-37,-41,-31,-24,-41,-27,-40,-40,-43,-33,-33,-42,-38,-33,-28,-35,-38,-38,-49,-51,-48,-47,-55,-38,-40,-33,-26,-43,-30,-45,-29,-45,-44,-39,-40,-50,-27,-32,-47,-34,-52,-73,-35,-38,-38,-32,-55,-39,-28,-24,-46,-18,-33,-37,-63,-56,-42,-37,-31,-46,-25,-31,-32,-40,-39,-48,-28,-39,-39,-41,-23,-45,-31,-27,-33,-32,-35,-42,-37,-28,-32,-32,-47,-32,-35,-33,-38,-37,-36,-39,-48,-47,-33,-40,-32,-25,-39,-41,-37,-35,-40,-47,-32,-30,-32,-33,-38,-53,-38,-29,-31,-37,-41,-41,-46,-46,-30,-21,-34,-41,-32,-28
-18,-36,-16,-22,6,-18,-18,-15,-19,8,-10,-26,-21,30,6,38,-39,0,-22,-13,68,-20,-25,-27,-27,-15,-21,-9,28,-0,13,7,-6,-25,-26,27,-16,-32,-5,-27,-15,11,-16,6,25,11,-12,-23,11,-22,-36,7,61,-26,-20,-5,-31,-23,-30,56,116,-19,-21,32,-23,-30,-24,-0,-14,41,-24,-1,-13,-7,6,-17,-22,-25,-18,-29,-8,-44,-20,-36,96,15,-49,2,4,-9,-25,1,11,-7,-32,92,-27,-5,11,-15,-4,4,30,37,11,30,-0,-30,-16,-24,-6,-14,-18,28,-3,-45,2,3,-34,97,-14,-24,-3,63,-7,-9,16,11,-21,-25,-6,-26,-26,-3,16,12,-23,-10,-30,-31,16,58,40,-8,31,34,-11,24,-30,-15,8,-15,-12,10,-10,52,-19,-29,-49,-3,8,26,-36,-3,-7,-28,37,16,9,-2,14,-9,59,58,-3,-18,-18,-17,-16,-33,17,-8,24,-3,-60,3,-9,-17,17,-4,-7,-27,16,-10,16,-16,36,-44,32,26,1,-8,-22,33,17,-25,-34,-21,-24,15,13,13,20,-10,19,-2,-13,48,-30,-3,13,61,43,-23,-10,42,-19,-31,-6,31,7,-18,0,-23,49,36,-18,-10,-27,64,-24,-36,-17,-4,6,55,-13,71,14,-21,-24,37,10,8,-6,-25,-20,-11,41,-20,-12,34,-18,25,16,57,-19,-6,24,3,-16,83,-2,-23,127,6,21,-3,1,-32,-0,-15,-22,17,-4,-26,-33,-2,21,11,-24,-13,51,89,18,-23,-8,-12,22,34,-27,27,-29,-31,35,2,-15,-20,8,-16,-37,8,-25,1,-21,-28,-19,-28,20,-4,-11,-2,-2,16,30,13,-27,0,-21,-19,-29,12,-44,0,-40,-20,-8,24,11,-21,23,38,-36,-21,-10,16,-35,-41,-22,28,-30,3,-44,-21,35,-33,-21,63,-34,-9,-16,-36,35,-16,-14,2,46,-25,79,6,-13,-4,-31,-35,54,8,-14,-8,-3,24,16,1,-26,-34,45,33,20,69,-26,-16,21,-18,-12,-31,-28,29,10,-1,-19,-17,13,-10,8,4,74,16,22,3,-11,61,-21,-24,14,-12,-23,-27,15,18,28,-19,-3,-23,63,23,-38,27,-14,8,17,11,17,20,-1,10,37,-43,-11,-36,21,-16,-33,-32,-22,-18,-14,-25,-12,-21,-26,-12,16,28,-5,-11,-34,-10,5,-23,-12,-17,-17,29,-4,-16,21,-32,14,0,7,-7,35,1,5,-22,35,-25,-37,-38,-25,29,-8,-1,-5,7,-33,-16,2,5,-30,-3,-42,-2,-24,-26,-3,-19,-26,-24,7,-32,26,39,35,22,8,-26,15,-16,-10,-23,57,76,-42,-7,3,5,-41,6,-31,-14,-9,2,-24,14,-40,-8,-26,-22,-13,7,15,-22,17,-33,-26,-30,20,43,-34,-11,43,-22,-27,11,-10,-22,-19,-4,-76,22,20,4,-14,-14,29,15,7,-41,28,-40,0,-37,27,-24,6,-12,29,40,-34,16,12,25,-29,-6,-27,8,50,0,-17,-34,-15,7,21,34,-21,-3,-9,6,33,26,-31,3,38,-38,30,-13,13,-5,11,24,11,12,-26,-10,-8,-13,-12,-32,-1,-30,-78,94,12,18,-11,12,-55,-19,26,-13,-37,-17,-33,-1,-25,-8,29,-24,-1,22,28,-14,19,-31,13,-36,-34,-19,-26,-5,1,19,-26,22,-4,-36,4,-35,-22,21,5,-25,-21,7,25,32,29,-23,-30,-31,15,48,-8,58,85,1,-32,16,-28,-31,-50,-22,-2,19,-27,-25,-40,-18,20,33,-19,21,-9,-22,-31,-25,-14,-8,44,-29,-29,-13,1,1,-6,34,-11,-3,-25,3,18,-5,20,-21,-40,29,-27,-3,-37,44,-22,-31,-18,240,40,2,-8,15,-24,-5,71,-2,42,-14,-16,-21,-17,8,-26,11,-12,-1,-22,-19,-18,-33,3,-27,-7,13,-31,-38,-44,-57,65,40,-9,-28,-8,15,30,6,-18,-4,-14,-20,-17,-23,-21,-37,39,-3,19,-20,-15,34,-24,-19,9,-20,15,23,-33,-35,8,-34,-12,-18,41,7,55,12,-3,15,-14,-12,-47,-18,-17,-10,-31,-29,-5,-29,-35,-11,30,5,-32,13,17,13,75,1,-5,-1,9,24,43,-8,-8,-30,-38,-25,-40,-17,5,-37,-22,-1,-18,-18,8,4,-1,-44,-31,-33,4,10,-14,51,8,-27,28,17,-32,18,-28,-34,23,-20,4,-26,68,41,-24,41,54,8,-22,-28,-10,-12,6,17,71,53,-30,-5,-13,-34,-18,7,23,-29,-20,14,-15,3,23,-4,7,-7,-26,-7,-5,29,-14,-27,5,-20,-24,95,-2,9,24,4,-25,-37,-32,3,18,10,11,-16,-44,-39,-44,-20,29,-5,22,45,-7,-1,5,-1,-8,-1,-27,-12,-26,-41,0,11,-34,-16,110,-40,45,-36,-24,-24,-22,-22,15,-3,-36,-9,-12,-26,-42,-39,-39,18,-18,-34,-11,18,-5,13,-14,-47,5,-24,15,-4,18,-33,-22,17,-31,-15,-33,62,6,25,20,-25,13,-9,12,10,-32,-10,-31,9,-33,-19,14,20,-5,13,-8,22,24,87,6,-45,-7,53,-29,21,-13,-47,-19,26,-23,-15,6,11,-15,-23,-9,23,66,3,0,-24
-11,-13,10,-3,41,9,4,8,9,47,12,-17,-4,92,31,125,-35,33,-10,6,172,-8,-13,-2,-10,6,-10,31,63,42,62,56,33,-13,-24,82,8,-26,14,-16,3,52,-4,41,89,56,15,6,61,-15,-24,48,151,-15,12,33,3,-7,-22,156,276,14,-7,96,-13,-17,-20,42,8,110,-7,38,2,32,53,-16,-4,-6,2,8,-8,-34,0,-35,242,71,-36,40,50,46,-14,48,55,24,6,215,2,18,55,5,35,48,95,109,38,93,31,-10,4,-9,22,5,-7,92,33,-32,43,37,-30,235,0,-19,22,165,13,17,72,53,-7,-15,11,-13,-16,23,80,53,-6,14,-4,-17,50,154,99,5,103,125,20,86,-26,-8,43,3,27,43,19,153,5,-24,-45,41,51,93,-34,36,19,-17,95,71,61,25,68,35,152,150,15,-6,-9,9,5,-31,73,47,78,37,-57,44,15,-5,89,16,20,-15,61,13,57,6,101,-30,104,94,40,14,1,106,71,-12,-26,2,1,63,64,46,77,19,75,26,19,126,-27,29,56,158,116,-9,13,125,10,-11,23,107,37,17,44,-1,127,95,1,16,-19,178,-17,-27,19,23,43,143,6,176,60,-1,-7,104,56,51,2,-2,3,18,121,-1,10,91,-9,87,71,148,0,20,80,39,-4,207,47,-10,296,70,76,39,39,-20,27,12,-9,62,24,-3,-23,29,74,59,-19,11,147,208,66,-5,18,4,82,97,-18,97,-17,-25,108,37,13,-6,49,7,-29,46,-11,31,-13,-19,-4,-24,58,35,10,34,30,76,98,64,-7,38,-14,-7,-7,47,-43,41,-30,3,23,85,50,7,68,105,-25,-13,12,69,-27,-38,-9,71,-26,39,-29,10,110,-27,-7,184,-27,16,9,-6,109,9,26,46,123,-11,193,53,5,45,-16,2,135,55,11,18,30,75,62,42,-16,-26,126,98,84,165,-13,-4,84,13,12,-15,-18,88,49,40,12,4,54,19,45,41,188,69,75,50,16,148,-13,-5,76,10,2,-18,70,81,100,-1,33,-5,163,76,-34,89,-3,37,70,63,57,83,42,65,115,-32,19,-34,76,-1,-29,-16,-12,1,10,-3,11,14,-10,9,63,84,34,9,-22,21,35,-18,22,6,-5,88,32,5,73,-27,74,35,43,28,102,35,50,6,107,-10,-31,-36,-6,92,26,46,32,46,-27,9,32,32,-12,29,-30,39,-8,-10,33,9,-15,-12,42,-26,73,99,118,78,51,-10,62,9,11,3,137,178,-36,28,44,61,-34,45,-29,2,13,40,-1,68,-31,19,-14,-6,27,56,65,-3,68,-19,-8,-23,70,105,-28,20,113,-4,-21,69,32,-6,-3,17,-53,82,75,49,9,21,97,61,52,-39,99,-37,38,-23,88,-11,48,15,103,59,-22,70,52,87,-24,20,-15,36,137,43,8,-24,12,51,79,121,10,32,16,39,99,90,-23,33,101,-24,96,16,56,15,64,83,48,71,-10,11,22,7,21,-22,27,7,-64,247,40,66,4,67,-48,-10,81,17,-32,1,-24,33,-10,13,94,-5,34,80,97,6,67,-19,63,-32,-22,7,-19,24,34,79,-9,81,32,-28,36,-32,-2,79,40,-9,2,49,87,101,98,-8,-22,-16,57,122,23,153,192,26,-21,59,-3,-23,-35,-9,28,70,-16,-19,-29,-14,73,103,10,84,23,-2,-4,-11,15,17,125,-27,-20,17,49,37,28,101,7,40,-12,35,74,20,70,-10,-30,101,-12,37,-36,125,-7,-23,6,512,117,42,20,75,-20,14,174,30,121,4,3,-15,-9,56,-8,53,30,25,-4,-11,-9,-27,46,-24,27,53,-14,-36,-43,-43,152,119,13,-18,17,69,90,45,14,22,6,-8,-1,3,-14,-27,99,34,71,-9,2,101,-8,-3,27,-8,61,79,-14,-18,45,-18,17,-6,103,60,138,60,22,66,6,15,-45,4,0,21,-25,-21,27,-13,-28,31,96,43,-15,60,73,61,172,26,36,24,40,79,108,17,18,-8,-32,-12,-29,20,51,-35,-7,39,-2,3,53,43,38,-38,-5,-32,47,47,5,128,54,-10,71,66,-15,68,-3,-25,85,-2,41,-18,161,113,2,129,154,52,-19,-17,11,-6,45,63,180,134,-23,33,21,-23,4,55,84,-22,-1,63,12,47,82,72,65,9,-12,23,35,88,9,-13,41,-16,-7,216,37,58,92,41,-17,-32,-25,40,64,55,60,5,-39,-28,-40,6,112,28,83,123,13,41,40,42,13,44,-11,14,-12,-31,27,54,-20,2,273,-7,125,-34,-11,-15,10,-6,58,18,-26,-1,9,-15,-22,-21,-37,74,-5,-22,3,67,22,65,11,-45,39,-9,68,34,59,-21,-14,61,-29,2,-31,166,49,78,73,-19,72,14,59,54,-26,17,-26,56,-19,9,61,80,22,50,24,86,86,210,52,-44,17,136,-26,75,11,-41,0,81,-14,7,52,64,17,0,12,67,167,47,32,-20
-4,10,36,17,75,35,26,31,37,86,33,-9,13,154,56,213,-30,65,2,25,276,3,-1,23,6,26,1,72,98,84,111,105,72,0,-23,137,31,-20,32,-4,20,93,7,75,153,102,42,35,110,-8,-12,89,241,-4,44,72,36,9,-15,256,436,47,7,160,-2,-4,-16,83,30,179,10,77,17,70,101,-14,14,13,22,45,-8,-24,21,-35,388,128,-24,78,97,102,-4,95,99,55,44,339,30,41,98,25,74,92,160,182,65,157,63,10,25,7,51,23,4,157,69,-18,85,72,-25,373,15,-14,47,268,32,44,129,96,7,-5,28,1,-6,49,145,95,12,38,22,-4,85,250,158,17,175,215,51,149,-23,-1,79,21,66,75,47,254,30,-18,-42,84,95,159,-31,76,45,-6,153,126,112,53,122,80,245,242,32,6,-1,35,25,-30,130,102,131,78,-54,84,40,8,160,36,48,-4,107,36,97,29,166,-15,176,162,78,35,25,179,126,1,-17,24,26,112,116,79,135,48,130,55,51,204,-24,62,99,255,189,4,35,208,39,9,52,183,67,52,89,21,205,154,21,43,-11,293,-11,-19,56,50,80,232,25,282,106,20,11,171,102,95,10,22,25,47,201,19,33,148,1,149,126,238,20,47,136,74,8,330,96,2,465,135,132,82,78,-8,53,38,4,106,53,20,-14,61,127,106,-15,35,244,328,114,12,44,20,141,161,-9,166,-6,-20,182,71,42,9,90,30,-22,84,4,61,-5,-10,11,-19,96,75,31,71,63,136,166,116,13,75,-7,5,16,83,-43,81,-19,27,55,145,89,34,113,172,-13,-6,33,122,-20,-34,3,115,-22,76,-15,41,184,-21,7,305,-20,42,34,25,184,33,66,89,199,2,308,99,22,94,-1,39,215,103,35,44,63,127,107,82,-6,-18,206,163,149,260,-0,8,147,45,37,0,-8,147,88,81,44,25,95,49,83,79,302,122,128,97,43,235,-5,14,137,32,27,-9,124,144,171,16,70,13,262,130,-30,150,8,67,122,115,97,145,85,120,194,-21,50,-31,132,14,-25,1,-1,20,35,19,33,48,6,31,111,140,72,28,-10,52,64,-14,57,29,8,147,67,27,125,-21,134,69,78,64,169,69,95,34,179,5,-25,-34,13,156,61,92,68,85,-20,34,62,60,5,61,-17,79,7,6,69,36,-5,1,77,-20,120,159,201,133,94,6,108,35,32,28,217,279,-31,64,86,117,-27,85,-27,19,35,78,22,123,-22,46,-3,9,67,106,115,15,120,-5,11,-15,120,167,-22,51,182,14,-15,127,74,10,13,38,-30,141,131,93,31,55,165,107,98,-37,169,-34,75,-9,149,2,90,41,176,79,-9,124,92,149,-20,47,-3,65,224,86,33,-15,39,94,136,207,40,67,41,73,165,154,-14,62,165,-9,161,45,98,35,116,142,86,129,7,31,52,27,53,-12,55,44,-50,399,68,113,19,122,-41,-2,137,47,-27,18,-15,66,6,35,158,14,69,138,166,26,115,-6,113,-27,-9,33,-12,54,68,139,9,140,68,-21,67,-30,18,137,74,7,26,91,149,169,166,7,-15,-2,99,196,54,248,299,50,-11,102,22,-16,-20,4,57,121,-5,-13,-19,-9,127,174,40,148,56,19,24,3,44,42,206,-24,-11,47,98,73,63,168,26,83,1,68,131,44,120,1,-20,173,2,77,-35,206,8,-15,30,785,194,82,47,135,-16,33,276,61,200,23,22,-8,0,104,10,95,72,52,14,-3,0,-22,89,-21,61,94,2,-33,-42,-29,238,198,36,-9,43,124,150,84,47,48,26,5,14,29,-7,-16,159,71,123,2,19,167,8,14,44,3,107,135,5,-0,81,-2,46,7,164,112,221,108,46,118,26,41,-42,27,18,52,-19,-13,59,3,-20,74,161,80,2,107,129,109,269,50,76,49,71,134,173,42,44,14,-25,1,-19,57,96,-33,7,78,15,24,97,82,76,-32,21,-30,90,85,24,206,100,6,114,116,2,118,22,-16,147,17,77,-10,254,186,29,217,254,96,-16,-6,32,0,83,109,289,216,-16,72,55,-13,25,103,145,-15,18,111,38,91,140,147,122,26,1,54,76,147,32,1,77,-12,10,338,75,107,159,79,-9,-28,-19,77,110,99,110,26,-34,-17,-36,32,196,61,145,201,33,84,75,85,34,88,6,41,1,-21,54,97,-7,20,435,25,206,-32,3,-6,43,11,102,39,-16,8,30,-3,-1,-3,-34,130,7,-10,17,116,49,118,36,-44,72,6,121,72,99,-9,-5,106,-27,20,-29,270,92,130,126,-12,132,37,106,97,-19,45,-20,103,-4,37,107,139,49,88,56,150,147,333,98,-43,42,220,-23,129,35,-36,19,137,-5,29,99,116,48,23,33,111,267,92,63,-16
3,32,61,37,110,62,48,54,66,125,54,-0,31,216,81,301,-26,98,14,45,380,15,12,48,23,47,12,112,133,126,161,154,112,13,-22,192,55,-14,51,7,38,135,19,109,217,148,69,65,160,-0,0,131,330,7,77,110,70,24,-7,356,596,80,20,225,9,8,-12,125,52,249,26,117,32,109,148,-12,32,32,43,82,-8,-15,42,-34,534,185,-11,116,144,157,6,142,143,87,82,462,59,65,141,45,113,136,225,254,91,220,95,30,46,22,79,42,14,221,104,-5,127,106,-20,511,29,-9,71,370,52,70,186,139,20,4,45,14,4,76,209,137,29,61,48,10,120,346,218,29,247,305,82,212,-20,6,114,40,105,108,75,355,55,-12,-38,128,139,225,-28,115,71,4,210,180,164,80,176,125,338,335,50,18,7,62,46,-29,187,157,185,118,-51,124,64,21,232,56,75,7,152,59,138,52,231,0,248,230,117,56,49,253,181,14,-8,47,51,160,167,113,192,77,186,83,83,281,-20,95,142,353,262,17,57,291,67,29,81,259,97,88,133,43,283,214,41,69,-2,407,-5,-10,92,77,117,320,43,387,152,40,28,238,148,138,18,45,48,76,282,39,55,204,11,211,180,328,39,73,192,109,20,454,146,15,634,199,188,124,116,4,80,65,16,151,81,42,-5,93,180,154,-10,59,341,447,162,30,69,36,201,224,1,236,6,-14,256,106,70,24,131,54,-14,122,18,91,3,-1,26,-15,134,114,52,108,95,196,234,168,32,112,-0,17,38,118,-42,122,-8,51,86,206,128,62,158,239,-1,2,54,175,-13,-31,16,159,-18,112,-0,72,258,-15,21,426,-13,67,59,56,259,58,106,133,276,15,422,146,40,143,15,76,295,150,59,70,95,178,153,123,5,-10,287,227,214,356,12,21,210,76,61,16,2,205,128,122,76,46,136,78,120,116,416,175,181,143,69,321,3,33,199,55,52,-0,179,206,243,34,107,32,362,183,-26,212,19,96,174,167,137,208,128,176,272,-9,80,-29,188,29,-21,17,9,39,59,41,55,83,22,53,158,197,111,48,2,84,94,-10,91,51,20,205,103,48,177,-15,194,103,113,100,236,104,140,62,251,21,-18,-32,31,219,95,139,104,125,-14,59,91,88,23,94,-5,119,23,22,105,63,6,13,113,-14,167,218,284,189,137,23,155,60,52,53,298,381,-26,100,127,173,-20,124,-25,36,57,116,44,178,-13,74,9,25,107,156,164,34,172,9,29,-7,170,229,-17,82,252,32,-10,185,115,25,29,59,-6,201,187,138,54,90,232,153,143,-35,240,-31,113,5,210,15,132,68,250,98,3,177,133,211,-15,74,9,93,311,129,58,-5,66,138,193,293,70,102,66,107,231,218,-5,92,229,5,227,73,140,55,168,201,123,188,23,51,83,48,86,-3,82,81,-36,552,96,160,34,177,-35,7,192,77,-22,36,-7,100,21,56,223,33,104,195,235,46,163,7,163,-23,3,60,-5,83,101,200,26,199,103,-14,99,-28,38,195,109,23,49,133,211,237,234,21,-7,13,140,270,84,343,407,74,-0,145,47,-9,-6,17,87,173,7,-7,-8,-5,180,244,69,211,89,39,51,16,73,67,287,-22,-2,78,147,109,97,234,45,126,14,100,187,69,170,11,-10,245,17,118,-34,287,23,-7,54,1058,271,122,75,195,-11,53,378,93,280,41,41,-2,9,152,28,137,114,78,31,5,10,-16,131,-18,94,134,19,-31,-41,-15,324,277,58,1,68,178,211,123,79,73,46,18,30,56,0,-6,219,107,176,13,36,234,24,30,62,15,153,191,24,17,118,14,75,19,226,165,303,156,70,169,46,68,-39,49,35,83,-12,-5,91,19,-13,116,226,118,19,155,184,156,366,74,117,74,102,189,237,67,70,36,-19,14,-8,95,141,-32,21,118,31,45,141,120,114,-27,47,-29,134,122,43,284,146,23,158,165,19,168,47,-7,209,35,114,-2,347,259,56,305,353,140,-14,6,52,6,121,154,399,298,-9,110,89,-3,47,151,206,-8,37,160,64,135,199,223,180,42,15,84,117,206,55,15,113,-7,27,460,113,157,226,116,-2,-23,-13,113,157,144,159,48,-30,-6,-31,59,280,94,206,279,53,126,110,129,54,133,22,67,15,-12,81,139,7,38,598,58,286,-30,16,2,76,28,145,60,-6,17,51,8,20,15,-32,186,20,2,31,165,75,171,61,-42,105,21,175,110,140,3,3,150,-25,37,-28,373,135,183,178,-6,191,61,152,141,-13,72,-15,150,11,65,154,199,76,126,88,214,208,455,144,-41,66,303,-19,183,59,-30,38,192,4,51,145,169,79,47,53,155,367,136,95,-12
11,55,87,57,144,88,70,77,94,165,75,8,48,278,106,388,-21,130,26,64,484,27,24,72,40,68,23,153,168,167,210,203,151,26,-20,247,79,-9,69,18,55,176,31,143,280,193,96,94,209,7,13,172,420,18,109,148,103,40,1,457,756,112,34,289,19,21,-9,167,75,318,43,156,47,148,196,-10,50,51,63,120,-8,-5,62,-33,679,241,1,153,191,212,17,189,187,118,120,585,88,88,184,65,152,180,290,326,118,284,127,49,67,38,107,61,25,285,140,8,169,141,-15,649,43,-4,96,472,71,97,242,182,34,14,62,28,14,102,273,179,46,85,74,24,154,443,277,41,319,395,112,274,-17,14,149,58,144,140,104,455,80,-7,-34,172,182,292,-26,154,97,15,268,235,215,108,230,169,431,427,68,29,15,88,66,-27,243,212,238,159,-48,165,88,33,303,76,102,18,198,82,178,75,296,15,320,298,155,78,72,326,236,27,0,70,76,209,219,146,249,106,241,112,115,359,-17,128,185,450,335,31,80,374,96,49,110,335,127,123,178,66,361,273,61,95,6,521,1,-2,129,104,154,409,62,493,198,60,45,305,194,181,27,68,70,105,362,59,78,261,21,272,235,418,59,99,247,145,32,577,195,28,803,263,244,166,154,16,107,92,29,196,110,65,5,124,233,202,-5,83,438,567,210,47,95,52,261,287,10,305,18,-9,329,140,99,38,172,77,-7,161,33,122,12,7,41,-11,171,154,73,145,127,256,302,220,52,150,7,28,60,153,-41,163,2,74,118,267,167,90,202,306,10,10,76,228,-5,-27,28,203,-14,148,15,103,333,-8,35,547,-5,93,84,86,334,83,146,176,352,28,537,193,58,192,30,114,375,197,83,96,128,230,199,164,15,-2,367,292,279,451,25,33,273,108,86,32,11,264,167,162,107,67,177,108,157,154,530,228,235,190,96,408,11,52,260,77,77,9,233,269,315,51,143,50,461,236,-22,274,31,125,226,219,177,271,171,231,350,2,110,-26,244,44,-17,33,19,57,83,63,77,117,38,75,205,253,149,67,15,115,123,-5,125,74,33,264,138,69,228,-9,255,137,149,136,302,138,185,89,322,36,-12,-30,50,282,129,186,141,164,-7,84,121,116,40,126,8,159,39,38,140,90,16,26,148,-7,214,278,367,245,180,39,201,85,73,79,378,483,-20,135,169,228,-13,164,-23,52,79,154,67,232,-4,101,21,40,147,206,214,53,224,22,47,1,220,291,-11,113,321,51,-4,244,157,41,45,80,17,261,242,182,76,124,300,198,188,-33,310,-28,150,19,271,28,174,95,324,118,15,231,173,273,-10,100,21,121,398,172,83,5,93,181,250,380,100,138,92,141,297,282,4,122,292,20,292,102,182,76,221,260,160,247,39,71,113,68,119,7,110,117,-22,705,124,207,49,232,-28,15,247,107,-17,53,2,133,37,77,288,52,139,253,304,66,211,19,213,-19,16,86,2,113,135,260,44,258,139,-6,130,-26,57,254,144,39,73,174,273,306,303,36,1,27,182,344,115,438,514,98,10,188,73,-2,9,30,116,224,18,-1,3,-0,234,315,98,274,121,60,79,30,102,91,368,-20,6,108,196,145,132,301,64,169,27,133,244,94,220,22,-1,317,32,158,-33,368,38,1,78,1331,348,162,102,255,-7,72,480,125,359,60,60,4,18,200,46,179,156,104,49,13,19,-10,174,-16,128,174,36,-28,-40,-0,411,355,81,10,94,233,271,163,111,99,66,31,46,82,7,4,280,144,228,23,53,301,40,46,79,27,199,247,43,34,155,30,104,31,287,217,386,204,94,221,65,94,-36,71,52,114,-6,3,123,35,-6,158,291,156,35,202,240,204,464,98,158,99,133,244,302,92,97,58,-13,27,2,132,187,-30,35,157,47,66,186,159,152,-21,72,-28,177,160,62,362,192,40,201,214,36,218,72,2,271,54,150,7,440,331,83,393,453,184,-11,17,73,13,160,200,508,380,-2,149,123,7,68,199,268,-1,56,208,90,180,258,298,238,59,28,114,158,265,79,28,149,-3,44,582,151,206,293,153,6,-18,-7,150,203,189,208,69,-25,6,-27,85,364,127,268,357,73,168,145,172,75,177,39,94,29,-2,108,182,20,56,761,91,366,-28,30,11,108,44,188,80,4,26,71,19,40,32,-29,242,33,13,46,214,102,223,87,-40,138,36,228,147,181,15,12,194,-23,54,-26,477,179,235,231,1,251,84,199,184,-7,100,-10,197,26,93,201,259,103,164,120,278,270,578,190,-40,91,386,-16,237,83,-24,58,247,13,73,191,222,111,70,74,199,468,180,127,-8
18,78,113,76,179,115,92,100,122,204,97,16,65,340,132,476,-17,163,38,83,588,39,36,97,57,88,34,193,203,209,259,251,190,39,-19,302,103,-3,88,29,73,217,42,177,344,239,123,123,258,14,25,213,510,29,141,187,137,55,9,557,917,145,48,353,30,34,-5,209,97,387,60,195,63,186,243,-9,68,70,83,157,-7,5,83,-33,825,298,13,191,237,268,27,236,231,149,158,708,117,111,228,85,191,224,355,399,144,347,159,69,88,54,136,80,36,350,176,22,211,176,-10,787,57,1,120,575,91,123,299,225,48,24,78,41,24,128,338,221,63,109,100,37,189,539,337,54,391,486,143,337,-14,21,184,77,182,172,132,556,104,-1,-30,216,226,358,-23,194,122,26,326,290,267,135,285,214,523,519,86,41,24,114,86,-26,300,267,292,199,-45,205,112,46,375,96,129,29,244,105,218,97,361,30,391,367,194,99,96,399,291,40,9,92,101,257,270,179,306,135,297,140,147,437,-14,161,228,547,408,44,102,457,125,68,139,411,157,158,222,88,439,332,80,121,14,635,8,7,165,131,192,498,81,599,243,80,62,372,241,224,35,92,93,134,443,78,100,318,30,334,289,508,78,126,303,180,45,701,244,40,972,328,299,208,193,28,134,119,42,241,138,87,14,156,286,250,-1,107,535,686,258,65,121,68,320,350,19,375,29,-3,403,174,127,53,213,100,1,199,47,152,20,16,55,-6,209,194,95,182,160,316,370,272,72,187,14,40,82,189,-41,203,13,98,149,327,206,118,247,373,22,17,97,281,2,-24,41,246,-10,184,29,133,407,-2,49,667,2,119,109,117,409,108,186,220,428,42,651,239,76,240,46,151,456,245,108,122,161,281,245,204,25,7,448,356,343,547,38,45,336,139,110,47,21,323,206,203,139,88,218,137,195,191,644,280,288,237,123,494,19,71,322,99,102,18,288,331,386,68,180,68,560,289,-18,335,42,155,278,271,217,333,214,286,428,14,141,-23,300,59,-14,49,30,76,107,85,100,152,54,96,253,310,188,86,27,147,153,-1,160,97,46,323,173,90,280,-3,315,171,184,171,369,173,230,117,394,51,-6,-28,68,346,163,233,177,203,-1,109,151,144,57,158,20,199,54,54,176,117,27,38,183,-1,261,337,450,300,223,55,248,111,94,104,458,584,-15,171,211,284,-6,204,-21,69,101,192,90,287,5,128,32,56,187,255,264,72,276,36,66,9,270,353,-5,144,391,69,2,302,199,57,61,101,40,321,298,227,99,159,368,244,233,-30,381,-24,187,33,331,41,217,122,397,137,28,284,213,335,-5,127,33,149,486,215,108,15,121,225,307,466,130,173,117,174,363,346,13,152,356,34,357,131,225,96,273,319,197,305,56,92,143,88,151,17,138,154,-8,857,152,255,65,287,-21,24,302,137,-12,71,10,167,52,99,352,71,174,311,373,86,259,32,263,-14,28,112,9,142,168,320,61,317,175,1,162,-24,77,312,178,55,96,216,336,374,371,50,9,42,224,418,146,533,621,123,21,232,98,5,24,43,146,275,29,5,14,4,287,386,127,338,154,80,106,44,130,116,449,-17,15,138,245,181,167,367,83,212,40,165,300,119,270,33,9,389,47,198,-32,449,53,9,102,1603,425,202,130,316,-3,92,582,156,439,79,79,11,27,249,64,222,198,131,67,22,28,-4,216,-13,162,215,53,-26,-39,14,497,434,103,20,119,287,331,202,144,125,86,43,61,108,14,15,340,180,280,34,70,368,56,62,97,38,245,303,62,52,191,46,134,44,349,270,469,252,118,273,85,121,-34,94,70,146,0,11,155,51,1,201,357,193,52,249,296,252,561,122,198,124,164,299,367,117,123,79,-7,40,12,169,232,-28,49,197,63,88,230,198,190,-15,98,-27,220,197,81,439,237,57,244,264,53,269,98,11,333,72,187,15,533,404,109,481,553,228,-8,28,93,19,198,246,617,461,4,187,157,18,90,247,329,6,75,256,116,224,317,374,295,75,41,145,199,325,102,42,185,1,60,704,190,255,361,190,14,-14,-0,187,249,233,257,90,-20,17,-23,111,447,160,330,435,93,210,180,215,96,222,55,120,42,8,135,225,33,74,923,124,447,-27,43,20,141,61,232,101,14,35,92,30,61,50,-26,298,45,25,60,263,129,276,112,-39,171,51,281,185,221,27,20,239,-21,71,-24,581,222,288,283,7,310,107,246,228,-1,127,-4,245,41,121,248,318,130,202,151,342,331,700,235,-39,115,469,-13,290,107,-18,77,302,22,95,238,274,142,93,95,243,568,224,158,-4
32,124,164,116,248,168,137,146,178,283,139,33,100,464,182,651,-8,227,62,122,796,63,61,147,90,129,56,274,274,293,357,349,268,65,-16,411,150,9,125,51,108,299,66,245,472,330,177,182,357,29,49,296,690,51,206,264,204,86,25,757,1237,211,75,481,51,59,3,292,141,526,94,273,93,264,338,-5,104,108,124,231,-7,24,124,-31,1116,411,38,266,331,378,48,330,319,212,234,954,175,158,314,125,270,312,485,543,197,475,222,108,129,85,193,118,57,478,248,49,295,245,-0,1063,85,11,170,779,130,176,412,311,75,43,112,68,44,180,467,305,98,156,152,65,258,731,456,78,535,666,205,462,-8,35,255,114,260,237,189,757,154,11,-22,303,313,491,-18,273,174,48,442,399,370,190,393,304,709,704,121,65,40,167,127,-23,413,376,399,280,-40,286,161,71,518,136,184,52,335,151,299,143,491,59,535,503,271,142,143,546,401,66,26,137,151,354,373,246,420,193,408,197,211,592,-7,227,315,742,554,71,147,623,183,108,197,563,217,228,311,132,596,450,120,173,31,864,20,24,238,184,266,675,118,810,335,121,96,506,333,310,51,138,138,192,603,118,145,431,50,458,399,688,117,178,414,251,69,948,342,66,1310,457,411,293,270,53,188,172,67,330,195,133,33,219,393,346,8,156,728,926,354,100,173,99,440,477,37,514,52,7,550,243,184,82,294,146,16,276,76,213,36,34,85,2,285,273,137,255,224,436,506,375,111,262,27,64,127,260,-39,285,34,146,212,449,284,174,337,507,45,33,140,386,17,-17,66,334,-2,256,59,195,556,11,77,909,16,170,159,179,559,157,266,306,581,68,880,332,111,338,77,225,616,340,156,174,226,384,337,285,46,23,609,485,473,738,64,69,462,202,159,79,41,440,284,285,202,131,301,196,270,266,873,386,394,331,176,667,34,109,445,143,151,35,397,456,530,103,253,105,759,395,-10,458,64,214,383,375,297,459,300,397,585,36,201,-18,412,89,-6,82,51,114,156,129,144,221,85,140,348,423,265,125,51,210,211,8,228,142,71,441,244,132,384,9,435,240,254,243,503,241,320,173,538,82,6,-24,105,473,231,326,250,282,12,159,210,199,92,223,45,280,85,86,248,171,48,63,254,11,356,457,616,411,310,88,340,161,136,155,619,787,-4,242,294,395,8,283,-17,103,146,267,136,396,22,183,55,87,268,355,364,110,379,64,103,24,371,477,6,206,530,105,13,419,282,88,93,143,86,440,409,316,144,228,503,336,324,-26,522,-18,262,61,453,68,301,175,544,176,52,391,294,459,5,180,56,206,660,301,158,34,175,312,421,639,191,243,167,242,494,474,31,212,483,63,488,188,309,136,378,438,272,423,88,132,203,129,217,36,193,228,21,1162,208,349,95,397,-7,41,413,197,-2,106,28,234,83,142,482,109,245,427,510,126,355,57,362,-6,53,165,23,201,235,441,96,435,247,16,225,-19,117,428,248,88,143,300,460,511,508,80,24,71,308,566,207,724,835,171,42,318,148,20,54,69,205,378,52,17,36,13,394,527,186,464,220,122,161,72,188,166,611,-12,33,199,342,253,236,501,121,298,66,230,413,168,370,55,28,532,76,278,-30,611,82,26,150,2149,579,282,185,436,6,130,786,219,597,116,118,23,44,345,99,306,281,184,102,38,47,8,302,-7,229,295,86,-21,-37,42,670,592,148,39,170,396,452,280,208,177,125,69,92,160,28,36,460,254,384,56,104,501,88,94,132,62,337,414,100,86,265,78,192,68,472,375,635,347,166,376,125,173,-28,138,104,208,13,27,219,84,15,286,487,268,86,343,407,347,755,170,279,174,226,409,496,167,176,123,6,66,33,243,323,-24,77,276,96,130,319,275,267,-4,149,-24,306,272,119,595,329,90,331,362,87,369,148,29,457,109,259,31,719,549,163,657,752,316,-3,51,134,31,275,338,836,625,18,264,225,38,133,343,451,21,113,353,169,312,435,525,410,108,68,205,280,443,148,70,257,9,94,948,266,354,495,264,30,-4,12,260,341,323,355,133,-10,39,-15,164,615,226,453,591,133,295,250,302,138,311,88,173,70,27,188,311,60,110,1248,189,607,-23,70,37,206,94,318,143,34,52,134,52,102,86,-21,410,71,49,88,361,183,381,162,-36,238,81,388,260,302,51,37,327,-17,106,-21,788,308,393,389,21,429,153,340,315,11,182,6,339,71,177,342,438,184,278,215,469,454,945,327,-36,164,636,-6,398,156,-7,115,413,40,139,331,380,205,140,136,331,769,312,222,4
46,170,215,156,317,221,181,192,234,361,181,50,134,588,232,827,1,292,86,161,1004,86,85,196,124,171,79,355,344,377,456,447,346,91,-13,521,198,21,162,74,143,381,89,313,599,421,231,241,456,44,74,378,870,73,271,340,272,118,40,958,1557,277,103,609,73,85,11,376,185,664,128,352,124,341,432,-1,140,146,164,305,-6,44,166,-30,1408,524,63,342,424,489,68,424,407,275,310,1200,232,204,401,165,348,400,615,688,251,602,286,148,171,116,249,156,79,607,320,76,378,314,10,1340,114,21,219,984,169,229,525,396,102,62,146,95,63,232,595,388,132,204,203,92,327,924,574,103,679,846,266,587,-2,50,325,151,338,302,246,959,203,22,-15,391,401,624,-13,352,226,70,558,509,473,245,501,393,894,888,157,89,57,220,168,-21,526,486,506,361,-34,367,209,96,660,176,238,74,426,197,380,189,621,89,679,640,348,185,190,692,511,92,43,182,201,451,476,313,535,251,518,254,274,748,-0,293,401,936,700,98,191,789,240,148,255,715,277,299,399,177,752,569,160,225,48,1092,33,41,311,238,340,852,155,1021,427,161,130,641,425,396,68,185,183,250,764,158,190,544,69,581,508,868,156,231,526,321,93,1195,441,91,1648,586,522,378,347,77,242,226,92,419,252,178,52,282,499,442,18,204,922,1165,450,135,224,131,559,603,56,653,75,18,697,312,241,111,376,193,31,352,105,273,52,51,115,11,360,352,179,329,289,557,641,479,151,336,41,87,171,330,-38,366,55,193,274,570,362,230,427,641,69,48,183,492,32,-10,91,421,6,328,88,257,705,23,105,1151,31,221,209,240,708,206,347,393,734,95,1109,425,147,436,107,300,776,435,205,226,291,488,429,367,66,39,770,615,603,929,90,93,588,265,208,110,61,558,362,367,265,173,383,255,345,341,1101,492,501,425,230,840,50,147,568,188,201,53,506,581,673,138,327,141,958,502,-2,581,87,272,487,479,377,584,386,508,742,59,262,-13,524,119,2,115,71,151,204,173,189,290,117,183,442,535,342,164,76,273,270,17,297,187,96,558,315,175,488,21,555,308,325,314,637,310,409,229,681,113,19,-20,143,600,299,420,322,360,25,209,270,255,127,288,70,360,116,119,319,226,69,88,324,24,450,576,782,522,396,121,433,212,178,205,780,990,7,313,377,507,22,362,-13,136,190,343,181,505,40,237,79,118,348,454,464,148,483,92,139,40,471,601,17,268,669,142,25,535,366,119,125,185,132,560,520,405,189,297,639,427,414,-22,663,-12,337,88,575,94,385,228,691,215,77,498,374,584,15,233,80,262,834,387,208,54,229,399,535,812,251,314,218,309,626,602,49,271,611,93,619,245,394,177,482,556,346,540,121,173,264,169,282,55,249,302,49,1467,264,444,125,507,6,59,523,257,9,141,45,301,114,185,611,147,315,542,648,166,451,83,462,3,78,218,37,260,303,562,131,553,319,31,288,-15,157,544,317,120,191,384,584,648,645,109,39,100,391,714,269,914,1050,220,63,404,198,34,83,95,264,480,74,29,58,21,501,668,245,591,285,163,216,99,245,215,774,-8,50,260,440,325,305,634,159,385,92,296,526,218,470,76,48,676,106,359,-28,773,112,42,198,2694,733,362,240,556,14,169,990,282,756,153,156,36,62,441,135,390,365,237,138,54,66,19,387,-2,296,376,120,-16,-34,70,842,749,192,58,221,506,573,359,273,228,165,94,124,212,42,56,580,327,489,78,139,635,120,127,167,85,429,526,138,121,338,111,250,93,595,479,800,443,215,479,164,226,-23,183,139,270,26,43,283,116,30,370,618,344,119,437,519,443,950,218,360,224,289,520,625,217,228,167,18,92,54,317,414,-20,105,355,129,172,408,353,343,7,201,-22,393,348,157,750,421,123,418,461,121,469,198,47,581,146,332,48,905,694,216,832,951,405,3,73,176,44,351,430,1054,788,32,341,294,59,176,439,573,35,151,450,221,401,553,677,526,141,95,266,362,561,194,98,329,18,128,1191,342,452,630,338,45,5,25,333,434,412,453,175,-1,62,-7,217,782,292,576,748,172,379,320,388,179,400,121,226,97,47,242,397,87,146,1574,255,768,-19,97,54,271,127,405,185,53,70,176,75,143,121,-16,522,96,73,117,459,237,487,212,-32,304,111,494,336,384,75,54,416,-13,140,-17,996,394,498,494,34,548,200,434,402,23,237,17,434,101,233,436,557,239,353,279,597,577,1191,419,-33,213,802,1,506,204,5,153,523,58,183,424,485,268,186,178,418,970,400,285,12
60,215,266,195,386,274,225,238,290,440,224,67,169,712,282,1002,10,357,111,199,1212,110,110,246,158,212,101,436,414,460,554,545,424,117,-11,631,245,32,199,96,178,464,112,381,727,512,284,299,555,59,98,461,1050,95,335,417,339,149,56,1158,1878,343,131,737,94,110,18,460,229,803,161,430,154,419,527,2,176,184,205,380,-6,63,207,-29,1699,637,88,417,518,600,89,518,494,337,386,1447,290,251,488,205,426,488,745,833,304,729,350,187,212,147,306,194,100,736,392,102,462,383,20,1616,142,31,268,1189,208,282,639,482,130,81,179,122,83,284,724,472,167,251,255,120,397,1116,693,127,823,1027,328,712,5,64,396,188,415,367,302,1160,253,33,-7,478,488,757,-7,430,277,92,674,618,576,300,610,482,1080,1073,192,112,73,273,209,-18,639,596,613,442,-28,448,257,122,803,216,292,97,517,243,461,234,751,118,823,776,425,228,238,839,621,118,60,227,251,548,578,379,649,309,629,311,338,904,6,359,487,1130,846,125,236,955,298,187,312,867,337,369,488,221,908,687,199,277,64,1321,45,58,384,292,415,1029,192,1232,518,202,164,775,517,482,84,231,228,308,925,197,235,657,89,705,617,1048,195,284,637,392,117,1443,539,116,1986,715,634,462,424,101,296,279,118,509,309,223,70,345,605,538,27,252,1116,1404,545,170,276,163,678,730,74,793,99,29,845,381,298,141,458,239,47,429,134,334,68,69,145,19,436,431,221,402,353,677,777,583,190,411,55,111,216,401,-37,447,76,240,337,692,440,286,517,775,92,64,226,598,46,-3,116,509,15,400,117,318,854,36,133,1393,46,272,259,302,858,256,427,480,887,121,1338,519,182,533,138,374,937,529,253,278,357,591,521,448,87,56,931,744,732,1120,115,117,713,328,257,142,80,675,441,449,328,215,465,314,420,416,1329,597,607,519,283,1013,66,185,691,232,251,71,615,707,816,173,400,177,1157,608,6,704,109,331,592,582,457,710,472,618,898,82,322,-7,636,149,9,147,92,189,252,217,233,359,149,226,537,648,419,203,100,336,329,25,366,233,121,676,385,217,592,33,676,376,396,386,770,379,499,285,825,143,31,-16,180,727,368,514,395,439,38,260,330,311,162,352,94,441,148,151,390,280,90,113,395,36,544,695,948,633,482,153,526,262,219,256,941,1193,18,384,461,618,36,441,-10,169,234,419,227,614,58,292,102,149,428,554,563,185,586,120,176,56,571,725,28,331,808,178,36,652,450,150,157,227,178,680,632,494,234,366,775,519,504,-18,804,-5,412,116,697,120,470,282,838,254,102,605,455,708,25,286,104,319,1008,473,258,73,284,486,649,985,311,384,268,377,758,729,66,331,738,122,750,303,478,217,587,674,421,657,153,213,324,210,347,75,304,376,77,1772,320,538,155,617,20,76,634,317,19,176,62,368,145,228,740,185,385,658,786,206,547,108,562,12,103,271,51,319,370,682,166,671,391,46,351,-11,197,661,386,152,238,467,708,785,781,138,55,129,475,862,330,1105,1264,268,84,490,248,48,113,121,324,583,97,41,80,30,608,809,303,718,350,204,271,127,303,265,936,-3,67,320,538,397,374,767,197,471,118,361,639,268,569,98,67,820,136,439,-26,935,142,59,246,3240,887,442,295,677,23,208,1194,346,915,190,194,48,79,538,171,474,449,289,173,71,84,31,472,4,364,457,154,-12,-32,98,1015,907,237,77,272,615,693,438,338,280,205,119,155,264,55,77,700,400,593,100,173,769,152,159,202,108,521,638,176,156,412,143,308,117,718,584,966,539,263,583,204,279,-18,227,174,333,38,60,347,148,44,455,748,419,152,532,630,538,1144,267,442,274,351,630,755,267,281,210,31,118,75,392,505,-17,133,434,161,215,497,430,419,19,252,-19,479,423,195,906,513,157,504,559,155,569,249,65,705,183,405,64,1091,839,269,1008,1151,493,8,96,217,57,428,522,1273,952,46,417,362,79,219,535,696,49,189,547,273,489,670,828,641,174,121,326,443,680,240,126,401,26,162,1435,419,551,764,412,61,14,37,407,526,501,552,218,9,84,2,270,950,358,699,904,212,463,390,475,221,489,154,279,124,66,296,483,114,182,1899,320,928,-15,124,71,336,160,491,227,73,87,217,97,185,157,-11,634,121,97,145,557,291,592,262,-29,371,141,601,411,465,99,71,505,-9,175,-14,1203,481,603,599,47,667,246,528,489,35,292,28,528,130,289,529,676,293,429,342,725,700,1436,510,-30,262,969,7,614,252,16,192,634,76,227,517,590,330,233,219,506,1171,488,348,20
74,261,318,235,455,327,270,284,347,518,266,84,203,836,332,1177,20,422,135,238,1420,134,134,296,191,253,123,517,484,544,652,643,502,142,-8,741,293,44,235,118,213,546,135,449,855,603,338,358,654,73,122,543,1229,117,400,494,406,180,72,1359,2198,409,158,866,115,136,26,543,273,942,195,508,185,496,622,6,212,222,245,454,-5,83,248,-27,1991,750,113,493,611,711,109,612,582,400,462,1693,347,298,574,244,504,576,875,978,357,856,413,227,254,178,363,231,122,865,464,129,546,452,29,1892,170,41,318,1393,247,335,752,568,157,101,213,149,103,337,853,556,201,299,307,147,466,1309,812,152,967,1207,389,837,11,79,466,225,493,432,359,1362,302,45,1,566,575,890,-2,509,329,114,789,727,679,356,718,572,1265,1257,228,136,90,325,250,-15,752,706,720,523,-22,528,306,147,946,256,347,119,609,289,542,280,881,148,967,912,502,271,285,985,731,144,77,272,301,645,681,446,763,367,740,368,402,1059,13,425,573,1325,993,152,281,1121,355,227,370,1019,397,440,577,265,1064,806,239,330,81,1549,58,75,457,345,489,1206,230,1444,610,243,198,909,609,569,101,278,273,366,1085,237,280,771,108,828,726,1228,234,337,749,463,142,1690,638,141,2324,844,745,547,501,125,350,332,143,598,366,269,89,409,712,633,36,300,1310,1643,641,205,328,195,798,856,92,932,122,40,992,450,355,170,540,285,62,505,162,394,84,87,175,28,511,511,264,476,418,797,913,686,229,486,69,135,261,472,-36,528,97,288,400,813,518,341,607,909,115,79,268,704,61,4,141,596,23,472,147,380,1002,49,161,1635,60,323,309,363,1008,305,507,567,1040,148,1567,612,218,631,169,448,1097,624,302,330,422,694,613,529,108,72,1092,873,862,1312,141,141,839,392,306,173,100,792,519,531,392,258,547,373,494,491,1557,703,714,613,337,1186,82,223,814,276,301,89,723,832,960,207,474,214,1355,714,14,827,132,390,696,686,537,835,558,729,1055,105,383,-2,748,180,17,180,113,226,301,261,278,429,181,270,632,761,496,242,125,398,388,34,435,278,146,793,456,259,696,44,796,444,466,457,904,447,589,341,968,174,43,-12,217,854,436,607,468,517,51,310,389,366,197,417,119,521,179,183,462,334,111,138,466,49,638,814,1114,745,568,186,619,313,261,307,1102,1396,28,455,544,729,50,520,-6,203,278,495,273,724,76,346,125,180,508,653,663,223,690,148,213,71,671,849,40,393,947,215,48,768,533,182,189,269,224,799,743,583,279,436,910,611,595,-14,945,1,487,144,818,146,554,335,986,292,126,712,535,832,35,340,128,375,1182,559,309,93,338,573,763,1158,372,454,319,444,890,857,84,391,865,151,880,360,563,258,692,792,495,775,186,254,384,250,413,94,360,449,105,2078,376,633,186,727,34,93,744,377,29,211,79,435,176,270,870,223,455,773,923,246,643,133,662,20,127,323,65,378,437,803,201,789,463,61,415,-6,236,777,455,184,285,551,832,922,918,167,70,159,558,1009,392,1295,1479,317,105,576,299,63,143,147,383,685,119,53,102,39,715,951,362,844,416,245,326,155,360,314,1098,2,85,381,635,469,444,900,234,557,144,426,752,317,669,119,87,964,165,519,-24,1097,172,75,294,3785,1041,522,350,797,31,247,1399,409,1074,227,232,61,97,634,207,558,532,342,209,87,103,43,557,9,431,538,187,-7,-30,127,1188,1064,282,97,323,724,814,516,403,331,245,145,186,316,69,98,821,473,697,122,207,902,183,192,237,132,613,749,214,191,485,175,366,142,841,689,1132,635,311,686,243,332,-12,272,209,395,51,76,412,180,58,540,879,494,186,626,742,633,1339,315,523,325,413,740,884,317,333,254,43,144,96,466,596,-13,161,513,194,257,586,507,495,30,303,-17,566,498,233,1061,605,190,591,658,189,670,299,83,829,220,478,80,1277,984,323,1184,1350,581,14,118,258,69,505,614,1492,1115,59,494,430,100,262,631,818,63,227,644,326,578,788,979,756,207,148,387,525,798,287,154,473,34,195,1679,495,649,899,486,77,24,50,480,619,590,650,260,19,107,10,322,1117,424,822,1060,252,548,460,561,262,578,187,332,152,86,350,569,140,218,2224,386,1089,-11,151,89,402,194,578,269,93,105,259,119,226,192,-6,746,146,121,174,655,345,697,312,-26,437,171,707,487,546,123,89,594,-5,209,-10,1411,567,708,705,60,786,292,622,576,47,347,38,623,160,345,623,795,347,505,406,853,823,1681,602,-27,311,1135,14,721,300,27,230,744,93,271,610,695,393,279,261,594,1372,576,412,28
88,307,369,274,524,380,314,330,403,597,309,101,238,960,383,1352,29,487,159,276,1628,158,159,345,225,294,145,598,555,628,751,741,581,168,-5,851,340,55,272,140,248,628,159,517,982,695,392,417,752,88,147,626,1409,139,465,571,473,211,88,1560,2518,475,186,994,137,161,34,627,317,1080,229,587,215,573,716,9,248,260,286,528,-5,102,290,-26,2282,864,138,568,705,821,130,705,670,463,538,1939,405,344,661,284,582,663,1005,1122,410,983,477,266,295,209,420,269,144,993,536,156,630,521,39,2168,198,51,367,1598,286,388,865,654,184,120,246,176,123,389,982,640,236,346,359,175,535,1501,931,176,1111,1388,451,962,17,93,536,261,571,496,416,1563,351,56,8,653,663,1023,3,588,381,136,905,837,782,411,826,661,1451,1442,264,160,106,378,290,-12,865,816,827,604,-16,609,354,172,1089,296,401,142,700,336,623,325,1011,177,1110,1049,579,314,332,1132,841,169,94,317,352,741,784,513,878,425,851,424,466,1215,20,491,659,1519,1139,178,325,1287,413,267,428,1171,457,510,666,310,1220,924,278,382,97,1778,70,92,530,399,564,1384,267,1655,702,283,232,1043,701,655,117,325,319,424,1246,276,325,884,128,952,836,1408,273,389,860,533,166,1937,736,167,2662,973,857,631,577,149,404,386,168,687,423,314,108,472,818,729,46,348,1503,1882,737,240,379,226,917,982,111,1071,145,51,1139,519,412,199,622,332,77,582,191,455,101,104,205,37,587,590,306,550,482,917,1049,790,269,560,82,158,305,543,-34,609,118,335,463,934,596,397,696,1043,138,95,311,810,76,11,166,684,31,544,176,441,1151,61,189,1877,75,374,358,425,1157,355,587,654,1192,174,1796,705,253,728,200,523,1258,719,350,382,488,797,704,610,128,89,1253,1002,991,1503,167,166,965,455,355,205,120,910,597,613,455,300,629,432,569,566,1786,808,820,707,390,1359,97,261,937,321,350,107,832,957,1103,242,547,250,1554,821,22,951,154,449,801,790,617,961,644,840,1211,128,443,3,860,210,25,212,134,264,349,305,322,498,213,313,727,874,573,281,149,461,447,43,503,323,171,911,527,302,800,56,916,513,537,528,1038,516,679,397,1112,204,55,-8,254,980,504,701,540,595,64,360,449,422,232,481,144,602,210,215,533,388,131,163,536,61,732,933,1280,856,655,219,712,364,303,357,1262,1599,39,527,627,841,64,599,-2,236,323,570,318,833,94,401,148,211,589,753,763,261,793,176,249,87,771,973,51,455,1086,251,59,885,617,213,221,311,270,919,854,672,324,505,1046,702,685,-9,1085,7,561,172,940,172,638,388,1133,331,151,819,616,956,45,393,152,432,1357,644,359,112,392,659,877,1331,432,525,369,511,1022,985,102,451,993,180,1011,417,647,298,796,911,570,892,219,294,445,291,478,114,415,523,133,2383,431,728,216,836,47,110,855,437,39,246,97,502,207,313,999,261,526,889,1061,286,739,159,761,29,152,376,79,437,504,923,235,907,535,76,478,-2,276,893,525,217,332,634,956,1059,1055,196,86,188,642,1157,454,1485,1693,365,126,663,349,77,172,173,442,788,142,65,123,48,822,1092,420,971,481,286,381,182,418,364,1260,7,102,442,733,541,513,1033,272,643,170,491,865,367,769,141,106,1107,195,600,-23,1259,202,91,342,4331,1196,602,405,917,40,285,1603,472,1232,264,271,73,114,730,243,643,616,395,244,103,122,54,643,15,499,619,221,-2,-28,155,1360,1222,327,116,374,833,935,595,467,383,285,170,217,369,83,118,941,546,802,144,241,1036,215,224,272,155,705,861,252,225,558,207,424,166,964,794,1297,730,359,789,283,385,-7,316,243,458,64,92,476,212,72,625,1009,569,219,720,854,729,1533,363,604,375,475,850,1014,367,386,298,56,170,117,540,686,-9,189,592,227,300,675,585,572,41,355,-15,652,573,271,1217,696,224,677,757,224,770,350,101,953,256,551,97,1463,1129,376,1360,1549,669,19,141,299,82,581,706,1710,1278,73,571,498,120,305,727,940,78,265,741,378,666,906,1130,871,240,175,447,606,917,333,181,545,43,229,1922,572,747,1033,560,92,33,62,553,711,680,748,303,28,129,18,375,1285,490,945,1216,292,632,530,648,304,667,220,384,179,105,403,655,167,254,2549,451,1249,-8,178,106,467,227,665,310,113,122,300,142,267,228,-1,858,172,144,202,753,399,803,362,-23,504,202,814,562,627,147,106,682,-0,244,-7,1618,653,814,810,73,905,339,716,663,59,402,49,717,190,401,717,915,401,580,470,980,945,1926,694,-25,360,1302,20,829,349,39,268,855,111,315,703,800,456,326,302,682,1572,664,475,36
103,353,420,314,593,433,358,376,459,676,351,117,272,1084,433,1528,38,552,183,315,1836,181,183,395,258,335,167,678,625,712,849,839,659,194,-2,961,387,67,309,163,284,710,182,586,1110,786,446,475,851,103,171,708,1589,162,530,648,540,242,103,1760,2839,540,213,1122,158,186,41,711,361,1219,262,665,246,651,811,13,284,297,326,603,-5,122,331,-25,2573,977,162,643,798,932,151,799,758,525,614,2186,463,391,747,324,661,751,1135,1267,463,1110,540,306,337,240,477,307,165,1122,608,183,713,590,49,2444,227,61,416,1803,325,441,979,739,212,139,280,203,143,441,1111,723,270,394,410,202,604,1694,1050,200,1255,1568,512,1087,23,108,607,298,648,561,473,1765,401,67,16,741,750,1155,9,667,432,158,1021,946,885,466,935,751,1637,1626,299,183,123,431,331,-10,978,925,934,685,-10,690,403,198,1232,336,455,164,791,382,704,371,1141,207,1254,1185,656,357,379,1279,951,195,111,362,402,838,887,579,992,483,962,481,530,1370,26,556,745,1714,1285,205,370,1453,471,306,486,1323,517,580,754,354,1377,1042,318,434,114,2006,83,109,603,453,638,1561,304,1866,793,324,267,1177,793,741,134,371,364,482,1407,316,370,997,147,1075,945,1588,312,442,971,604,190,2184,834,192,3000,1101,968,716,654,173,457,439,194,777,480,359,127,535,924,825,55,397,1697,2121,833,275,431,258,1037,1109,129,1210,168,62,1287,588,469,228,704,378,92,658,220,516,117,122,235,45,662,669,348,623,547,1037,1185,894,308,635,96,182,350,614,-33,691,139,382,526,1056,674,453,786,1177,162,110,354,915,91,18,191,771,39,616,206,503,1300,74,218,2119,89,425,408,486,1307,404,667,741,1345,201,2025,798,289,826,231,597,1418,814,399,434,553,900,796,692,149,105,1414,1131,1121,1694,192,190,1091,518,404,236,139,1027,675,695,518,342,711,491,644,641,2014,914,927,801,443,1532,113,299,1060,365,400,125,941,1082,1246,277,620,287,1753,927,30,1074,177,508,905,894,697,1086,731,951,1368,150,504,8,971,240,32,245,155,302,397,349,367,567,244,356,821,987,650,320,174,524,506,51,572,369,197,1029,597,344,904,68,1037,581,607,600,1172,585,768,452,1255,235,68,-4,291,1107,572,794,613,674,77,410,508,477,267,546,169,682,241,247,605,443,152,188,607,74,827,1053,1446,967,741,252,805,414,344,408,1423,1802,50,598,711,952,79,678,2,270,367,646,364,942,111,455,172,242,669,852,863,299,897,204,286,103,871,1097,62,517,1225,288,71,1001,700,244,253,353,317,1038,965,761,369,574,1181,794,775,-5,1226,14,636,200,1062,199,723,442,1280,370,176,926,696,1080,55,446,176,488,1531,730,409,132,447,746,992,1504,492,595,420,579,1153,1113,120,510,1120,209,1142,475,732,339,901,1029,644,1009,251,335,505,331,543,133,471,597,161,2688,487,822,246,946,61,128,966,497,49,281,114,569,238,356,1128,299,596,1005,1199,326,835,184,861,38,177,429,93,496,571,1044,270,1025,607,91,541,2,316,1009,594,249,379,718,1081,1196,1192,226,101,217,725,1305,515,1676,1907,414,147,749,399,92,202,199,501,891,164,77,145,56,929,1233,479,1098,546,327,436,210,475,413,1422,12,120,502,830,613,582,1167,310,729,196,556,978,416,869,163,126,1251,225,680,-21,1421,232,108,390,4876,1350,682,460,1038,48,324,1807,535,1391,302,309,86,132,827,279,727,700,448,280,120,141,66,728,20,566,699,254,3,-26,183,1533,1379,371,135,425,942,1055,673,532,435,325,195,249,421,97,139,1061,620,906,166,275,1169,247,256,307,178,797,973,290,260,632,239,483,191,1087,899,1463,826,407,892,322,438,-1,361,278,520,76,108,540,245,87,709,1140,645,253,815,965,824,1728,411,685,425,537,960,1143,417,438,341,68,196,138,615,777,-6,217,671,259,342,764,662,648,53,406,-12,739,648,309,1372,788,257,764,855,258,870,400,119,1078,293,624,113,1649,1274,430,1536,1749,757,25,163,340,94,658,798,1929,1442,87,648,566,141,348,823,1062,92,303,838,431,755,1024,1281,986,273,201,508,688,1035,379,209,617,51,263,2166,648,846,1168,634,108,42,75,626,803,769,846,346,38,152,27,428,1452,556,1068,1372,331,717,600,735,345,756,253,437,206,125,457,741,194,290,2875,517,1410,-4,205,123,532,260,751,352,133,140,342,164,308,263,4,969,197,168,230,851,452,908,412,-20,570,232,920,638,709,171,123,771,4,278,-3,1826,739,919,915,86,1024,385,810,750,71,457,60,812,220,457,811,1034,455,656,533,1108,1068,2171,785,-22,409,1468,27,937,397,50,307,965,129,359,796,906,518,372,343,770,1773,752,538,44
117,398,472,353,662,486,403,422,515,754,394,134,307,1208,483,1703,47,617,207,354,2044,205,208,444,292,377,189,759,695,795,948,937,737,220,0,1070,435,79,346,185,319,792,205,654,1238,877,500,534,950,117,195,791,1769,184,594,724,608,273,119,1961,3159,606,241,1250,179,212,49,794,405,1357,296,743,276,728,906,16,320,335,367,677,-4,141,372,-23,2865,1090,187,719,892,1043,171,893,846,588,689,2432,520,437,834,364,739,839,1265,1412,516,1237,604,345,379,272,533,345,187,1251,679,210,797,659,59,2720,255,71,465,2007,364,494,1092,825,239,159,314,230,163,493,1240,807,305,441,462,229,674,1886,1169,225,1399,1749,574,1212,29,122,677,335,726,626,529,1966,450,79,23,828,837,1288,14,746,484,180,1137,1055,988,521,1043,840,1822,1811,335,207,140,484,372,-7,1091,1035,1041,766,-4,771,451,223,1375,375,510,186,882,428,784,416,1271,236,1398,1322,733,400,427,1425,1061,221,129,407,452,935,990,646,1106,541,1073,538,594,1526,33,622,831,1908,1431,232,415,1619,528,346,544,1475,576,651,843,399,1533,1161,357,486,131,2235,95,126,677,506,712,1738,341,2077,885,364,301,1312,885,827,150,418,409,540,1567,355,415,1110,167,1198,1054,1768,350,495,1083,675,214,2431,933,217,3338,1230,1080,801,731,197,511,493,219,866,537,405,145,598,1031,921,64,445,1891,2360,929,310,483,290,1156,1235,147,1349,191,73,1434,656,526,258,786,425,108,735,249,576,133,139,265,54,738,748,391,697,611,1157,1321,997,347,710,110,205,394,685,-32,772,160,430,588,1177,752,509,876,1311,185,125,397,1021,106,25,216,859,47,688,235,564,1449,87,246,2361,104,476,458,547,1457,454,747,827,1498,227,2254,891,325,923,262,671,1579,909,447,486,618,1003,888,773,169,122,1575,1260,1250,1885,218,214,1217,581,453,268,159,1145,754,776,581,384,794,549,719,716,2242,1019,1033,895,497,1705,129,337,1183,409,450,143,1050,1207,1390,312,694,323,1952,1033,38,1197,199,566,1010,998,777,1211,817,1061,1524,173,565,14,1083,270,40,277,176,339,446,393,412,636,276,400,916,1100,727,359,198,587,565,60,641,414,222,1146,668,386,1008,80,1157,649,678,671,1305,654,858,508,1399,266,80,-0,328,1234,640,888,685,752,90,460,568,533,302,611,194,762,272,279,676,497,173,213,677,86,921,1172,1611,1078,827,284,898,465,386,458,1584,2005,61,669,794,1064,93,757,6,303,411,722,409,1051,129,510,195,273,749,952,962,336,1000,231,323,118,971,1221,74,579,1365,324,82,1118,784,275,285,395,363,1158,1077,850,414,643,1317,886,866,-1,1367,20,711,228,1183,225,807,495,1427,409,201,1033,777,1204,65,499,200,545,1705,816,459,151,501,833,1106,1676,553,666,470,646,1285,1241,137,570,1247,238,1272,532,816,379,1005,1147,719,1127,284,376,565,372,608,152,526,671,189,2993,543,917,277,1056,75,145,1076,557,59,316,131,636,269,399,1258,337,666,1120,1336,366,931,209,961,46,202,482,107,554,638,1165,305,1143,679,106,604,7,355,1126,663,281,426,802,1205,1333,1329,255,116,246,809,1453,577,1866,2122,462,167,835,449,106,232,225,560,993,187,89,167,65,1036,1374,538,1224,612,368,491,238,533,463,1584,16,137,563,928,685,651,1300,348,816,222,621,1091,466,969,184,145,1395,254,760,-19,1583,261,124,438,5422,1504,763,515,1158,57,363,2011,598,1550,339,347,98,149,923,315,811,783,501,315,136,159,78,813,26,633,780,288,8,-23,212,1706,1537,416,154,476,1051,1176,752,597,486,365,221,280,473,110,160,1181,693,1011,187,310,1303,279,289,341,201,889,1084,328,295,705,271,541,216,1210,1004,1628,922,456,996,362,490,4,405,313,582,89,124,604,277,101,794,1270,720,286,909,1077,920,1922,459,766,475,599,1070,1272,467,491,385,81,222,159,689,868,-2,245,750,292,384,852,739,724,64,457,-10,825,723,347,1528,880,290,851,954,292,970,450,137,1202,330,697,130,1835,1419,483,1712,1948,846,30,186,381,107,735,889,2148,1605,101,725,634,161,391,919,1185,106,341,935,483,843,1141,1433,1101,306,228,568,769,1154,425,237,689,60,297,2410,725,944,1302,708,123,52,87,700,896,858,944,388,48,174,35,481,1620,622,1191,1528,371,801,670,821,387,845,286,490,233,144,511,827,221,327,3200,582,1570,0,232,141,597,293,838,394,152,158,384,186,350,299,9,1081,222,192,259,949,506,1013,462,-17,637,262,1027,713,790,195,140,860,8,313,0,2033,826,1024,1020,99,1144,431,904,837,83,512,70,906,249,513,904,1153,509,732,597,1236,1191,2416,877,-19,458,1635,34,1045,445,62,345,1076,147,403,888,1011,581,419,385,858,1974,840,602,52
131,444,523,393,731,539,447,468,571,833,436,151,341,1332,533,1878,56,682,231,392,2252,229,232,494,326,418,211,840,766,879,1046,1035,815,246,3,1180,482,90,383,207,354,875,229,722,1365,968,553,593,1049,132,220,873,1949,206,659,801,675,304,135,2161,3480,672,268,1379,201,237,57,878,449,1496,330,822,307,806,1001,20,356,373,407,751,-4,160,413,-22,3156,1203,212,794,985,1153,192,987,934,651,765,2678,578,484,921,404,817,927,1395,1557,569,1364,668,385,420,303,590,383,208,1380,751,237,881,728,69,2996,283,81,515,2212,403,547,1205,911,266,178,347,257,183,545,1368,891,339,489,514,257,743,2079,1288,249,1543,1929,635,1338,36,137,748,372,804,691,586,2168,500,90,31,916,925,1421,19,825,535,202,1253,1165,1091,576,1152,930,2008,1995,370,231,156,536,413,-4,1204,1145,1148,847,2,852,500,248,1518,415,564,209,973,474,865,462,1401,266,1542,1458,810,443,474,1572,1171,247,146,452,502,1032,1093,713,1220,599,1184,595,657,1681,40,688,918,2102,1577,259,459,1785,586,386,601,1627,636,721,932,443,1689,1279,397,538,147,2464,108,143,750,560,787,1915,379,2288,977,405,335,1446,977,913,167,465,454,598,1728,395,460,1223,186,1322,1163,1948,389,548,1194,745,239,2679,1031,242,3676,1359,1192,885,808,221,565,546,244,956,594,450,164,661,1137,1017,73,493,2084,2599,1025,345,534,322,1275,1362,165,1489,214,84,1581,725,583,287,868,471,123,812,278,637,149,157,295,63,813,827,433,770,676,1277,1456,1101,387,784,124,229,439,755,-30,853,181,477,651,1299,830,565,966,1445,208,141,440,1127,120,32,241,946,55,760,264,626,1598,99,274,2603,118,527,508,609,1606,503,828,914,1651,254,2483,984,360,1021,293,746,1739,1004,496,538,684,1106,980,854,190,138,1736,1390,1380,2076,244,238,1342,644,502,299,179,1262,832,858,644,427,876,608,794,791,2470,1125,1140,989,550,1878,144,375,1306,454,500,161,1159,1332,1533,346,767,360,2150,1140,46,1320,222,625,1114,1101,856,1337,903,1172,1681,196,625,19,1195,300,48,310,196,377,494,437,456,705,308,443,1011,1212,803,398,223,650,624,69,710,459,247,1264,739,429,1112,92,1278,718,748,743,1439,722,948,564,1542,296,92,4,365,1361,709,981,758,831,103,510,627,589,337,675,219,843,303,311,748,551,194,238,748,99,1015,1291,1777,1189,913,317,991,515,428,509,1745,2209,72,740,877,1175,107,836,10,337,455,798,455,1161,147,564,218,304,830,1051,1062,374,1104,259,359,134,1071,1345,85,641,1504,360,94,1234,867,307,317,437,409,1277,1188,938,459,712,1452,977,956,3,1508,27,786,256,1305,251,891,549,1574,448,225,1141,857,1328,75,552,224,601,1879,902,509,171,555,920,1220,1849,613,736,521,714,1417,1369,155,630,1374,267,1403,589,901,420,1110,1265,793,1244,316,416,626,412,674,172,582,745,218,3298,599,1011,307,1166,88,162,1187,617,69,351,148,703,300,442,1387,375,736,1236,1474,406,1028,234,1061,55,227,534,121,613,705,1285,340,1261,751,120,667,11,395,1242,733,313,473,885,1329,1470,1465,284,132,275,893,1601,638,2056,2336,511,188,921,499,120,261,251,620,1096,210,101,189,74,1143,1515,596,1351,677,409,546,265,590,512,1747,21,155,623,1026,757,721,1433,386,902,248,686,1204,516,1069,206,165,1538,284,841,-17,1745,291,140,486,5967,1658,843,570,1278,66,402,2215,661,1709,376,385,111,167,1019,351,895,867,553,351,153,178,89,898,31,701,861,321,12,-21,240,1878,1694,461,173,527,1160,1297,830,661,538,405,246,311,525,124,181,1302,766,1115,209,344,1437,311,321,376,225,980,1196,366,330,779,303,599,240,1333,1109,1794,1018,504,1099,401,543,10,450,347,645,102,140,668,309,115,879,1401,795,320,1003,1188,1015,2117,508,847,525,661,1181,1402,516,543,429,93,248,180,763,959,2,274,829,325,427,941,817,801,75,509,-7,912,798,385,1683,972,324,937,1052,326,1071,501,155,1326,367,770,146,2021,1564,536,1888,2147,934,36,208,422,119,811,981,2366,1769,115,802,703,182,434,1015,1307,120,379,1031,535,932,1259,1584,1217,339,255,629,851,1272,472,265,762,68,331,2654,801,1043,1437,782,139,61,100,773,988,948,1043,431,57,197,43,533,1787,688,1314,1684,411,885,740,908,429,934,319,543,261,164,565,912,247,363,3525,648,1731,4,258,158,662,326,925,436,172,175,425,208,391,334,14,1193,248,216,287,1047,560,1119,512,-14,703,292,1134,789,871,219,157,948,12,347,4,2241,912,1129,1126,112,1263,477,998,925,95,567,81,1000,279,569,998,1273,563,808,660,1363,1314,2661,969,-16,507,1801,40,1152,493,73,383,1186,165,447,981,1116,644,465,426,946,2175,928,665,60
145,490,574,433,800,592,491,514,627,911,478,168,376,1456,583,2053,65,747,255,431,2460,252,257,544,359,459,233,921,836,963,1144,1133,893,271,6,1290,530,102,420,229,389,957,252,790,1493,1059,607,651,1147,147,244,956,2128,228,724,878,742,335,150,2362,3800,738,296,1507,222,263,64,961,493,1635,363,900,337,883,1095,23,393,411,448,826,-3,180,455,-21,3448,1316,237,870,1079,1264,213,1081,1022,713,841,2924,636,531,1007,444,895,1015,1525,1702,623,1491,731,424,462,334,647,420,230,1508,823,264,965,798,78,3272,311,91,564,2417,442,600,1319,997,294,197,381,284,202,597,1497,975,374,536,566,284,812,2271,1407,274,1686,2110,697,1463,42,151,818,409,881,756,643,2369,549,101,39,1003,1012,1554,24,904,587,223,1369,1274,1194,631,1260,1019,2193,2180,406,254,173,589,454,-1,1317,1255,1255,928,8,932,548,273,1661,455,619,231,1065,520,946,507,1531,295,1685,1595,887,486,521,1718,1280,273,163,497,552,1129,1195,779,1335,657,1295,652,721,1837,46,754,1004,2297,1723,286,504,1951,644,425,659,1779,696,792,1021,487,1845,1397,436,591,164,2692,120,160,823,614,861,2093,416,2500,1068,445,369,1580,1069,999,183,511,499,656,1889,435,505,1337,206,1445,1273,2128,428,601,1306,816,263,2926,1129,268,4014,1488,1303,970,885,245,619,600,270,1045,651,495,183,724,1243,1112,83,541,2278,2838,1121,380,586,353,1395,1488,184,1628,237,95,1729,794,640,316,950,517,138,888,307,697,165,175,324,71,889,907,475,844,740,1397,1592,1204,426,859,137,253,483,826,-29,934,202,524,714,1420,908,621,1055,1579,232,156,482,1233,135,39,266,1034,63,833,294,688,1746,112,302,2845,133,578,558,670,1756,553,908,1001,1804,280,2712,1077,396,1118,323,820,1900,1099,544,590,749,1209,1072,935,210,154,1897,1519,1509,2267,269,262,1468,707,551,331,198,1379,910,940,708,469,958,667,869,866,2698,1231,1247,1083,604,2051,160,414,1429,498,549,178,1268,1457,1676,381,840,396,2349,1246,54,1443,244,684,1218,1205,936,1462,989,1283,1838,219,686,24,1307,330,55,342,217,414,542,482,501,774,340,486,1106,1325,880,437,247,713,683,77,778,505,272,1382,809,471,1216,103,1398,786,819,814,1573,791,1038,620,1686,327,105,8,403,1488,777,1075,831,909,116,560,687,644,372,740,243,923,335,344,819,605,215,263,819,111,1109,1410,1943,1300,999,350,1084,566,470,560,1905,2412,83,811,960,1286,121,916,13,370,500,873,501,1270,165,619,241,335,910,1151,1162,412,1207,287,396,149,1171,1469,96,703,1643,397,105,1351,951,338,349,479,455,1397,1299,1027,504,781,1588,1069,1046,8,1649,33,861,284,1427,277,976,602,1721,486,250,1248,938,1452,85,606,247,657,2053,988,559,191,610,1007,1334,2022,673,806,571,781,1549,1496,173,690,1502,296,1534,647,985,460,1215,1384,867,1361,349,457,686,453,739,191,638,818,246,3603,655,1106,337,1276,102,179,1297,677,79,386,166,770,331,485,1516,413,806,1351,1612,446,1124,260,1160,63,252,587,135,672,772,1406,375,1379,823,135,730,15,435,1358,802,345,520,969,1453,1607,1602,313,147,304,976,1749,700,2247,2551,559,209,1007,550,135,291,277,679,1198,232,113,211,82,1250,1657,655,1477,743,451,601,293,648,562,1909,26,172,684,1123,829,790,1566,424,988,275,751,1317,565,1169,227,184,1682,313,921,-15,1907,321,157,534,6513,1812,923,625,1399,74,440,2420,724,1867,413,424,123,184,1116,387,980,951,606,386,169,197,101,983,37,768,942,355,17,-19,268,2051,1852,506,192,578,1269,1417,909,726,589,444,272,342,577,138,201,1422,839,1219,231,378,1570,343,354,411,248,1072,1308,404,364,852,336,657,265,1456,1214,1960,1113,552,1202,441,596,15,495,382,707,114,156,732,341,130,964,1531,870,353,1098,1300,1110,2311,556,928,575,723,1291,1531,566,596,472,106,274,200,838,1050,5,302,908,357,469,1030,894,877,86,560,-5,998,873,423,1838,1064,357,1024,1151,360,1171,551,173,1450,404,843,162,2207,1709,590,2063,2346,1022,41,231,464,132,888,1073,2585,1932,128,878,771,202,477,1111,1429,135,417,1128,588,1020,1377,1735,1332,373,282,689,932,1390,518,293,834,76,364,2897,878,1141,1571,856,155,70,113,846,1081,1037,1141,473,67,219,51,586,1955,754,1438,1840,451,970,810,994,470,1023,352,596,288,183,618,998,274,399,3850,714,1891,8,285,175,728,360,1011,478,192,193,467,231,432,370,19,1305,273,240,316,1145,614,1224,563,-10,770,322,1240,864,952,243,174,1037,16,382,7,2448,998,1234,1231,126,1382,524,1092,1012,107,622,92,1095,309,625,1092,1392,617,883,724,1491,1437,2906,1060,-14,556,1968,47,1260,542,85,421,1297,183,491,1074,1221,706,512,468,1033,2376,1016,728,68
159,536,626,472,869,645,535,560,684,990,521,185,410,1580,633,2229,74,811,280,470,2668,276,281,593,393,500,255,1002,906,1047,1243,1231,972,297,9,1400,577,114,457,252,424,1039,275,858,1620,1150,661,710,1246,161,269,1038,2308,250,788,955,809,366,166,2562,4120,804,323,1635,243,288,72,1045,537,1773,397,978,368,960,1190,27,429,449,488,900,-3,199,496,-19,3739,1429,262,945,1172,1375,233,1175,1110,776,917,3171,693,577,1094,484,973,1103,1655,1846,676,1618,795,464,503,365,704,458,251,1637,895,290,1048,867,88,3548,340,101,613,2621,481,653,1432,1082,321,216,414,311,222,650,1626,1059,408,584,617,312,882,2464,1525,298,1830,2290,758,1588,48,166,889,446,959,820,700,2571,599,113,46,1091,1099,1687,30,982,639,245,1484,1383,1297,686,1368,1108,2379,2364,441,278,189,642,494,1,1430,1364,1362,1009,14,1013,596,299,1804,495,673,254,1156,566,1027,553,1661,325,1829,1731,964,529,568,1865,1390,299,180,543,602,1226,1298,846,1449,715,1406,709,785,1992,53,820,1090,2491,1869,313,548,2117,701,465,717,1931,756,862,1109,532,2001,1516,476,643,181,2921,133,177,896,668,936,2270,453,2711,1160,486,403,1714,1161,1086,200,558,544,714,2049,474,550,1450,225,1569,1382,2308,467,653,1417,887,287,3173,1228,293,4352,1617,1415,1054,962,269,673,653,295,1134,708,540,202,788,1350,1208,92,590,2472,3077,1217,415,638,385,1514,1615,202,1767,261,106,1876,863,697,345,1032,564,153,965,335,758,181,192,354,80,965,986,518,917,805,1517,1728,1308,465,934,151,276,528,897,-28,1016,223,572,777,1541,986,676,1145,1713,255,172,525,1339,150,46,291,1121,71,905,323,749,1895,125,330,3087,147,629,608,732,1906,602,988,1088,1957,307,2941,1170,431,1216,354,894,2060,1193,593,642,814,1312,1164,1017,231,171,2058,1648,1639,2458,295,287,1594,770,600,362,218,1497,988,1022,771,511,1040,726,944,940,2927,1336,1353,1177,657,2224,176,452,1552,542,599,196,1377,1582,1819,416,914,433,2548,1352,62,1566,267,743,1323,1309,1016,1588,1075,1393,1994,242,746,29,1419,360,63,375,238,452,591,526,545,844,371,530,1201,1438,957,476,272,776,742,86,847,550,297,1499,880,513,1320,115,1518,854,889,885,1706,860,1128,676,1829,358,117,12,440,1615,845,1169,903,988,129,610,746,700,407,805,268,1004,366,376,891,660,236,288,889,124,1203,1529,2109,1411,1086,382,1177,617,511,610,2066,2615,93,882,1044,1398,135,995,17,404,544,949,546,1379,183,673,265,366,990,1250,1262,449,1311,315,433,165,1271,1593,108,766,1782,433,117,1467,1034,369,381,521,501,1516,1410,1116,549,850,1723,1160,1137,12,1790,39,936,311,1548,303,1060,655,1868,525,275,1355,1018,1576,95,659,271,714,2228,1074,610,210,664,1094,1448,2195,734,877,622,848,1681,1624,191,749,1629,325,1665,704,1070,501,1319,1502,942,1479,382,497,746,494,804,211,693,892,274,3908,711,1200,368,1386,115,196,1408,737,89,421,183,837,362,528,1646,451,877,1467,1749,486,1220,285,1260,72,277,640,149,731,839,1527,410,1497,895,150,793,20,475,1475,871,378,567,1053,1577,1744,1739,342,163,334,1060,1897,761,2437,2765,608,230,1094,600,149,321,303,738,1301,255,125,233,91,1357,1798,713,1604,808,492,656,321,705,612,2071,31,190,745,1221,901,859,1699,461,1074,301,816,1430,615,1268,249,203,1826,343,1002,-13,2069,351,173,582,7058,1966,1003,680,1519,83,479,2624,788,2026,450,462,136,202,1212,423,1064,1034,659,422,185,215,113,1069,42,835,1022,389,22,-17,296,2224,2009,550,211,629,1378,1538,987,791,641,484,297,373,630,152,222,1542,912,1324,253,412,1704,375,386,446,271,1164,1419,442,399,925,368,715,289,1579,1319,2125,1209,600,1305,480,649,20,539,417,770,127,172,797,373,144,1049,1662,946,387,1192,1411,1206,2506,604,1010,625,785,1401,1661,616,648,516,118,300,221,912,1141,9,330,987,390,512,1119,971,953,98,612,-2,1084,948,461,1994,1156,391,1110,1250,394,1271,601,191,1574,441,916,179,2393,1854,643,2239,2546,1110,47,253,505,144,965,1165,2803,2096,142,955,839,223,520,1207,1552,149,455,1225,640,1109,1495,1886,1447,406,308,750,1014,1509,564,320,906,85,398,3141,954,1240,1706,931,170,80,125,920,1173,1126,1239,516,76,242,60,639,2122,820,1561,1996,490,1054,880,1081,512,1112,385,649,315,203,672,1084,301,435,4175,779,2052,11,312,193,793,393,1098,520,212,210,509,253,473,405,24,1417,298,263,344,1243,668,1329,613,-7,836,352,1347,940,1034,267,191,1126,20,416,11,2656,1084,1339,1336,139,1501,570,1186,1099,120,676,102,1189,339,681,1186,1511,671,959,788,1619,1560,3152,1152,-11,605,2134,53,1368,590,96,460,1407,200,535,1167,1327,769,558,509,1121,2577,1105,792,76
212,594,690,526,954,724,567,610,744,1067,558,237,437,1671,667,2333,145,869,317,508,2775,327,335,661,411,533,315,1064,945,1109,1308,1305,1027,347,47,1479,621,142,489,273,451,1126,305,896,1698,1204,715,767,1334,285,303,1117,2403,284,846,1003,864,492,212,2709,4273,893,352,1701,271,370,113,1115,609,1900,450,1048,436,1021,1250,56,495,478,515,959,19,234,543,40,3876,1530,294,983,1222,1441,297,1264,1158,869,1026,3324,789,646,1157,529,1011,1152,1741,1935,735,1697,882,533,645,412,733,503,290,1751,931,344,1112,929,147,3706,359,132,638,2725,506,721,1499,1141,390,269,494,363,299,687,1733,1117,438,619,668,354,928,2582,1595,372,1941,2455,829,1666,103,180,970,495,1069,862,740,2683,674,141,99,1137,1154,1799,84,1027,715,275,1559,1442,1360,734,1437,1168,2479,2542,467,327,252,700,514,44,1530,1423,1440,1084,64,1123,669,401,1871,521,712,276,1220,625,1181,579,1738,367,1953,1817,1012,575,620,1973,1443,359,265,614,637,1294,1348,905,1537,787,1470,747,836,2080,78,857,1138,2608,1956,394,577,2204,768,489,755,2012,840,905,1164,566,2099,1579,519,682,243,3031,175,215,952,699,1009,2365,475,2809,1207,520,475,1820,1238,1136,237,593,582,781,2132,496,578,1527,255,1648,1435,2394,514,715,1596,958,330,3291,1317,334,4543,1729,1478,1105,1006,322,728,687,349,1192,764,566,263,823,1417,1303,121,628,2578,3251,1277,444,664,442,1653,1691,257,1835,302,167,1947,917,728,362,1079,620,172,1042,376,816,261,229,392,106,1031,1134,569,984,860,1578,1797,1419,496,992,180,363,549,953,18,1067,263,611,815,1602,1043,727,1199,1800,283,214,572,1413,219,94,316,1192,96,951,391,791,2004,149,375,3202,169,658,636,861,1991,652,1038,1136,2032,351,3048,1242,474,1289,411,946,2152,1278,653,716,853,1381,1217,1095,247,300,2171,1715,1732,2556,337,321,1655,855,640,391,246,1594,1042,1161,812,537,1083,828,1048,978,3035,1418,1422,1221,693,2339,198,477,1632,609,647,254,1447,1667,1911,455,974,470,2659,1440,74,1652,283,778,1405,1380,1059,1651,1135,1480,2077,285,802,118,1484,386,118,484,300,491,645,585,604,886,391,561,1248,1529,1024,564,303,826,826,141,903,597,338,1596,941,551,1373,131,1580,908,1004,950,1771,898,1305,736,1900,422,161,69,486,1709,894,1275,966,1059,156,654,793,732,512,858,315,1042,393,404,940,799,303,326,966,166,1280,1611,2195,1497,1171,435,1229,661,557,657,2150,2714,102,990,1135,1501,198,1078,49,437,586,1022,573,1456,229,756,287,396,1045,1323,1325,479,1361,356,511,186,1355,1748,179,828,1875,489,148,1534,1122,404,422,543,546,1663,1467,1174,599,912,1799,1220,1219,18,1860,61,1020,375,1698,329,1145,705,1945,569,361,1408,1111,1697,137,700,356,767,2316,1148,647,274,695,1139,1585,2278,786,930,729,897,1770,1708,200,784,1766,353,1743,732,1124,525,1388,1604,1022,1551,418,532,829,540,866,269,736,963,303,4050,748,1273,407,1477,165,249,1497,807,125,470,244,906,406,558,1728,535,909,1531,1895,533,1285,312,1337,105,340,709,171,773,894,1596,442,1659,931,255,828,43,503,1568,916,406,597,1112,1662,1817,1806,397,184,413,1127,2016,812,2575,2889,642,330,1176,651,172,389,382,784,1351,287,175,266,114,1472,1875,803,1669,845,543,743,383,747,646,2169,104,235,813,1272,938,916,1808,484,1133,326,866,1494,654,1328,287,213,1907,391,1049,8,2164,396,253,617,7385,2080,1067,707,1592,107,539,2738,853,2125,497,494,150,263,1285,499,1144,1132,689,494,230,234,168,1195,57,881,1070,433,60,71,343,2422,2092,581,231,691,1493,1611,1048,860,674,514,374,400,687,169,307,1672,972,1388,273,479,1807,394,441,475,302,1233,1484,461,454,972,415,753,360,1669,1411,2205,1260,650,1392,557,690,77,577,472,840,224,200,836,417,175,1107,1733,995,464,1278,1475,1261,2599,636,1057,691,832,1467,1813,696,701,585,167,319,241,982,1259,25,356,1033,433,564,1175,1028,998,115,687,49,1137,1005,492,2077,1211,462,1173,1318,440,1339,629,222,1654,528,1031,218,2502,1926,689,2381,2663,1175,59,325,571,240,1023,1265,2924,2220,174,1010,910,258,617,1298,1616,193,527,1290,695,1159,1560,1967,1504,556,326,792,1116,1564,594,348,948,95,418,3294,1026,1301,1802,997,227,106,177,1002,1230,1221,1315,592,165,254,66,664,2241,890,1630,2073,517,1121,926,1159,550,1217,429,677,382,232,701,1155,341,464,4352,822,2150,55,333,208,899,466,1153,623,253,238,550,317,495,475,72,1479,358,277,367,1329,741,1415,651,25,929,407,1445,993,1105,314,200,1236,65,490,38,2918,1144,1422,1391,175,1566,626,1272,1151,191,706,138,1261,421,748,1233,1576,728,995,841,1689,1642,3283,1230,83,674,2215,73,1420,617,192,492,1464,212,581,1241,1396,845,589,565,1220,2681,1190,840,131
296,663,766,591,1052,824,587,663,808,1141,591,320,458,1734,685,2377,267,921,365,547,2796,400,412,743,417,559,405,1111,958,1154,1346,1359,1063,418,115,1533,661,185,516,292,470,1216,341,908,1733,1226,769,822,1411,501,346,1191,2426,329,899,1027,909,695,284,2810,4286,1001,380,1715,305,499,182,1172,704,2016,519,1110,537,1069,1280,105,586,498,531,1005,59,282,594,146,3883,1621,333,988,1236,1470,397,1350,1173,987,1164,3400,916,734,1202,578,1014,1167,1790,1978,799,1736,988,629,872,472,741,555,343,1854,937,420,1160,987,248,3765,372,180,643,2744,519,801,1528,1177,495,349,613,434,423,713,1822,1154,465,645,719,408,957,2639,1624,487,2023,2605,908,1706,200,194,1062,555,1206,885,766,2720,772,183,189,1149,1181,1894,178,1044,812,310,1598,1457,1390,777,1471,1202,2508,2715,485,397,353,764,517,121,1619,1439,1494,1155,151,1257,763,569,1874,535,739,298,1262,694,1396,590,1770,419,2059,1862,1035,626,674,2048,1448,447,408,708,660,1338,1355,957,1602,870,1494,769,877,2112,119,869,1155,2660,1993,521,591,2225,842,499,776,2033,944,924,1189,591,2147,1597,564,711,343,3042,243,270,994,712,1082,2391,484,2812,1216,550,579,1903,1303,1156,291,619,613,857,2150,502,590,1573,293,1691,1442,2401,568,784,1830,1031,388,3301,1398,389,4610,1825,1502,1127,1023,398,784,705,426,1222,819,576,361,836,1450,1398,167,658,2612,3370,1306,469,669,520,1810,1726,344,1842,358,272,1955,960,736,369,1096,685,195,1120,427,873,393,282,437,147,1091,1341,627,1045,908,1590,1809,1536,519,1037,222,504,550,996,100,1093,318,644,834,1612,1081,772,1223,1848,316,278,623,1461,335,176,340,1250,136,976,491,816,2080,185,433,3210,198,670,646,1046,2022,703,1061,1152,2042,409,3055,1295,524,1341,491,978,2187,1352,722,808,869,1422,1239,1171,260,522,2245,1731,1794,2576,393,365,1660,958,672,417,282,1675,1074,1347,835,549,1094,966,1176,985,3042,1479,1459,1222,713,2405,224,491,1675,695,694,344,1484,1719,1959,498,1024,509,2696,1512,91,1706,293,794,1467,1424,1069,1661,1173,1547,2098,345,854,276,1510,408,213,656,396,533,704,658,674,907,401,583,1257,1601,1083,692,338,865,931,235,947,644,390,1676,993,585,1385,151,1591,949,1156,1010,1778,912,1556,799,1911,516,231,170,540,1775,927,1392,1020,1124,196,692,828,746,676,901,382,1044,416,430,970,1010,409,373,1047,232,1342,1660,2214,1562,1254,504,1248,701,607,701,2170,2726,108,1127,1234,1597,301,1165,105,470,625,1092,583,1505,301,862,309,424,1078,1373,1358,501,1365,407,624,211,1426,1927,300,890,1931,561,197,1558,1213,443,470,549,589,1832,1478,1206,652,968,1824,1253,1295,25,1869,96,1114,469,1871,354,1230,753,1962,617,498,1415,1212,1814,207,730,491,818,2334,1212,675,375,708,1148,1742,2286,831,967,885,930,1823,1756,203,799,1912,380,1778,735,1153,536,1426,1692,1106,1585,458,562,930,592,924,360,769,1031,333,4055,769,1328,455,1552,244,332,1569,884,183,532,343,976,460,577,1770,657,910,1551,2047,586,1324,341,1395,158,437,793,200,801,939,1623,472,1858,938,435,840,82,522,1641,941,432,612,1152,1713,1837,1814,473,210,535,1180,2112,853,2669,2937,665,495,1256,703,201,489,504,818,1358,328,258,308,147,1594,1898,920,1681,859,602,856,476,775,669,2214,236,304,887,1284,945,963,1896,494,1168,350,904,1516,684,1352,338,213,1937,454,1070,46,2203,454,387,643,7529,2162,1119,712,1624,145,616,2776,921,2174,551,521,165,360,1339,610,1220,1242,701,598,298,252,259,1357,79,908,1090,486,126,229,405,2642,2111,599,251,760,1612,1643,1094,932,692,535,493,422,749,189,446,1810,1021,1417,291,572,1884,402,516,499,338,1284,1509,466,526,996,475,774,469,1731,1493,2213,1275,701,1465,666,722,176,610,543,917,393,238,855,469,219,1144,1753,1024,579,1357,1498,1284,2606,655,1077,771,868,1497,1983,799,754,674,247,330,261,1049,1401,51,382,1051,484,626,1203,1068,1016,138,783,143,1162,1047,518,2100,1237,565,1214,1362,495,1381,637,263,1698,657,1183,276,2548,1935,728,2495,2710,1221,77,438,659,406,1066,1372,2962,2312,222,1047,984,306,757,1385,1631,261,629,1329,752,1179,1583,1989,1513,805,337,819,1237,1566,609,375,966,107,425,3370,1094,1332,1866,1058,318,147,263,1093,1257,1321,1374,696,318,258,70,667,2318,963,1655,2083,532,1173,951,1229,585,1336,482,684,483,269,710,1212,392,487,4405,846,2195,131,349,223,1039,572,1180,779,312,275,591,415,501,572,155,1499,445,283,385,1404,829,1484,680,81,1042,482,1537,1027,1169,378,202,1365,144,597,87,3225,1181,1485,1404,231,1586,691,1351,1174,312,714,194,1314,547,823,1240,1596,788,998,885,1711,1690,3318,1295,252,761,2225,105,1426,627,359,520,1476,218,629,1300,1437,932,605,634,1329,2705,1273,876,225
